post_title,post_date,post_writer,published_institution,published_institution_url,top_category
제11기 민주평화통일자문회의 - 통일에 관한 정책제언,작성일: 2003-09-30,작성자: 민주평통,THE NATIONAL UNIFICATION ADVISORY COUNCIL,http://www.nuac.go.kr/actions/,정책건의보고서
2006년 미주지역회의 자문위원 정책건의문 전문,작성일: 2006-05-03,작성자: 조연실,THE NATIONAL UNIFICATION ADVISORY COUNCIL,http://www.nuac.go.kr/actions/,정책건의보고서
2012년 3차 대북정책 추진에 관한 정책건의 보고서,작성일: 2013-04-17,작성자: 김승빈,THE NATIONAL UNIFICATION ADVISORY COUNCIL,http://www.nuac.go.kr/actions/,정책건의보고서
2011년 2차 대북정책 추진에 관한 정책건의 보고서,작성일: 2011-11-26,작성자: 문왕배,THE NATIONAL UNIFICATION ADVISORY COUNCIL,http://www.nuac.go.kr/actions/,정책건의보고서
2016년 4차 통일정책 추진에 관한 정책건의 보고서,작성일: 2016-12-16,작성자: 송순철,THE NATIONAL UNIFICATION ADVISORY COUNCIL,http://www.nuac.go.kr/actions/,정책건의보고서
2011년 3차 대북정책 추진에 관한 정책건의 보고서,작성일: 2011-11-26,작성자: 문왕배,THE NATIONAL UNIFICATION ADVISORY COUNCIL,http://www.nuac.go.kr/actions/,정책건의보고서
2017년 3차 통일정책 추진에 관한 정책건의 보고서,작성일: 2018-01-26,작성자: 송순철,THE NATIONAL UNIFICATION ADVISORY COUNCIL,http://www.nuac.go.kr/actions/,정책건의보고서
2012년 1차 대북정책 추진에 관한 정책건의 보고서,작성일: 2012-03-28,작성자: 이한민,THE NATIONAL UNIFICATION ADVISORY COUNCIL,http://www.nuac.go.kr/actions/,정책건의보고서
2012년 4차 대북정책 추진에 관한 정책건의 보고서,작성일: 2013-04-17,작성자: 김승빈,THE NATIONAL UNIFICATION ADVISORY COUNCIL,http://www.nuac.go.kr/actions/,정책건의보고서
2017년 1차 통일정책 추진에 관한 정책건의 보고서,작성일: 2017-07-20,작성자: 정재진,THE NATIONAL UNIFICATION ADVISORY COUNCIL,http://www.nuac.go.kr/actions/,정책건의보고서
2010년 1차 '대북정책 추진에 관한 정책건의',작성일: 2010-04-13,작성자: 강승완,THE NATIONAL UNIFICATION ADVISORY COUNCIL,http://www.nuac.go.kr/actions/,정책건의보고서
2017년 2차 통일정책 추진에 관한 정책건의 보고서,작성일: 2017-07-20,작성자: 정재진,THE NATIONAL UNIFICATION ADVISORY COUNCIL,http://www.nuac.go.kr/actions/,정책건의보고서
2018년 1차 통일정책 추진에 관한 정책건의 보고서,작성일: 2018-04-30,작성자: 신소연,THE NATIONAL UNIFICATION ADVISORY COUNCIL,http://www.nuac.go.kr/actions/,정책건의보고서
2013년 2차 대북정책 추진에 관한 정책건의 보고서,작성일: 2013-10-22,작성자: 이한민,THE NATIONAL UNIFICATION ADVISORY COUNCIL,http://www.nuac.go.kr/actions/,정책건의보고서
2012년 2차 대북정책 추진에 관한 정책건의 보고서,작성일: 2012-05-01,작성자: 김승빈,THE NATIONAL UNIFICATION ADVISORY COUNCIL,http://www.nuac.go.kr/actions/,정책건의보고서
2015년 3차 대북정책 추진에 관한 정책건의보고서,작성일: 2015-11-18,작성자: 송순철,THE NATIONAL UNIFICATION ADVISORY COUNCIL,http://www.nuac.go.kr/actions/,정책건의보고서
2016년 2차 대북정책 추진에 관한 정책건의 보고서,작성일: 2016-09-27,작성자: 김동후,THE NATIONAL UNIFICATION ADVISORY COUNCIL,http://www.nuac.go.kr/actions/,정책건의보고서
2015년 4차 대북정책 추진에 관한 정책건의 보고서,작성일: 2015-12-11,작성자: 김동후,THE NATIONAL UNIFICATION ADVISORY COUNCIL,http://www.nuac.go.kr/actions/,정책건의보고서
2013년 1차 대북정책 추진에 관한 정책건의 보고서,작성일: 2013-10-22,작성자: 이한민,THE NATIONAL UNIFICATION ADVISORY COUNCIL,http://www.nuac.go.kr/actions/,정책건의보고서
2014년 2차 대북정책 추진에 관한 정책건의 보고서,작성일: 2014-08-29,작성자: 김천부,THE NATIONAL UNIFICATION ADVISORY COUNCIL,http://www.nuac.go.kr/actions/,정책건의보고서
2018년 4차 통일정책 추진에 관한 정책건의 보고서,작성일: 2018-12-24,작성자: 신소연,THE NATIONAL UNIFICATION ADVISORY COUNCIL,http://www.nuac.go.kr/actions/,정책건의보고서
2018년 2차 통일정책 추진에 관한 정책건의 보고서,작성일: 2018-07-25,작성자: 신소연,THE NATIONAL UNIFICATION ADVISORY COUNCIL,http://www.nuac.go.kr/actions/,정책건의보고서
‘참여정부 대북정책 2년 : 평가와 과제’ 정책건의보,작성일: 2004-12-29,작성자: 민주평통,THE NATIONAL UNIFICATION ADVISORY COUNCIL,http://www.nuac.go.kr/actions/,정책건의보고서
2019년 2차 통일정책 추진에 관한 정책건의 보고서,작성일: 2019-07-12,작성자: 오정아,THE NATIONAL UNIFICATION ADVISORY COUNCIL,http://www.nuac.go.kr/actions/,정책건의보고서
2018년 3차 통일정책 추진에 관한 정책건의 보고서,작성일: 2018-10-31,작성자: 신소연,THE NATIONAL UNIFICATION ADVISORY COUNCIL,http://www.nuac.go.kr/actions/,정책건의보고서
2019년 1차 통일정책 추진에 관한 정책건의 보고서,작성일: 2019-04-17,작성자: 오정아,THE NATIONAL UNIFICATION ADVISORY COUNCIL,http://www.nuac.go.kr/actions/,정책건의보고서
2015년 1차 대북정책 추진에 관한 정책건의보고서,작성일: 2015-06-05,작성자: 김천부,THE NATIONAL UNIFICATION ADVISORY COUNCIL,http://www.nuac.go.kr/actions/,정책건의보고서
2016년 1차 대북정책 추진에 관한 정책건의 보고서,작성일: 2016-05-18,작성자: 김천부,THE NATIONAL UNIFICATION ADVISORY COUNCIL,http://www.nuac.go.kr/actions/,정책건의보고서
2014년 4차 대북정책 추진에 관한 정책건의보고서,작성일: 2014-12-08,작성자: 김천부,THE NATIONAL UNIFICATION ADVISORY COUNCIL,http://www.nuac.go.kr/actions/,정책건의보고서
2016년 3차 통일정책 추진에 관한 정책건의 보고서,작성일: 2016-11-09,작성자: 정재진,THE NATIONAL UNIFICATION ADVISORY COUNCIL,http://www.nuac.go.kr/actions/,정책건의보고서
2013년 3차 대북정책 추진에 관한 정책건의 보고서,작성일: 2014-02-17,작성자: 김천부,THE NATIONAL UNIFICATION ADVISORY COUNCIL,http://www.nuac.go.kr/actions/,정책건의보고서
2013년 4차 대북정책 추진에 관한 정책건의 보고서,작성일: 2014-02-17,작성자: 김천부,THE NATIONAL UNIFICATION ADVISORY COUNCIL,http://www.nuac.go.kr/actions/,정책건의보고서
2014년 3차 대북정책 추진에 관한 정책건의 보고서,작성일: 2014-11-24,작성자: 김천부,THE NATIONAL UNIFICATION ADVISORY COUNCIL,http://www.nuac.go.kr/actions/,정책건의보고서
2014년 1차 대북정책 추진에 관한 정책건의 보고서,작성일: 2014-05-09,작성자: 김천부,THE NATIONAL UNIFICATION ADVISORY COUNCIL,http://www.nuac.go.kr/actions/,정책건의보고서
제12기 정책건의 종합,작성일: 2007-07-16,작성자: 김안나,THE NATIONAL UNIFICATION ADVISORY COUNCIL,http://www.nuac.go.kr/actions/,정책건의보고서
2015년 2차 대북정책 추진에 관한 정책건의보고서,작성일: 2015-11-18,작성자: 송순철,THE NATIONAL UNIFICATION ADVISORY COUNCIL,http://www.nuac.go.kr/actions/,정책건의보고서
개성공단사업 추진대책(정책건의보고서 2004-2),작성일: 2004-07-07,작성자: 민주평통,THE NATIONAL UNIFICATION ADVISORY COUNCIL,http://www.nuac.go.kr/actions/,정책건의보고서
자문건의보고서(2008년 2차),작성일: 2008-07-14,작성자: 안진용,THE NATIONAL UNIFICATION ADVISORY COUNCIL,http://www.nuac.go.kr/actions/,정책건의보고서
자문건의보고서(2008년 3차),작성일: 2008-10-14,작성자: 안진용,THE NATIONAL UNIFICATION ADVISORY COUNCIL,http://www.nuac.go.kr/actions/,정책건의보고서
평화와 번영을 위한 남북관계 발전방안(정책건의보고,작성일: 2004-10-07,작성자: 민주평통,THE NATIONAL UNIFICATION ADVISORY COUNCIL,http://www.nuac.go.kr/actions/,정책건의보고서
2010년 2차 '대북정책 추진에 관한 정책건의',작성일: 2010-06-22,작성자: 강승완,THE NATIONAL UNIFICATION ADVISORY COUNCIL,http://www.nuac.go.kr/actions/,정책건의보고서
향후 북핵문제 대책방향(정책건의보고서 2004-1),작성일: 2004-05-01,작성자: 민주평통,THE NATIONAL UNIFICATION ADVISORY COUNCIL,http://www.nuac.go.kr/actions/,정책건의보고서
2011년 1차 대북정책 추진에 관한 정책건의 보고서,작성일: 2011-05-13,작성자: 문왕배,THE NATIONAL UNIFICATION ADVISORY COUNCIL,http://www.nuac.go.kr/actions/,정책건의보고서
자문건의보고서(2009년 2차),작성일: 2009-11-03,작성자: 안진용,THE NATIONAL UNIFICATION ADVISORY COUNCIL,http://www.nuac.go.kr/actions/,정책건의보고서
2010년 3차 '대북정책 추진에 관한 정책건의' 보고서,작성일: 2010-11-26,작성자: 강승완,THE NATIONAL UNIFICATION ADVISORY COUNCIL,http://www.nuac.go.kr/actions/,정책건의보고서
2007 하반기 분과위원회 정책건의 자료,작성일: 2007-12-30,작성자: 안진용,THE NATIONAL UNIFICATION ADVISORY COUNCIL,http://www.nuac.go.kr/actions/,정책건의보고서
자문건의보고서(2008년 1차),작성일: 2008-06-04,작성자: 안진용,THE NATIONAL UNIFICATION ADVISORY COUNCIL,http://www.nuac.go.kr/actions/,정책건의보고서
무료 프로그램 모음,2009-06-14 12:31:29,관리자,탈북자동지회,http://nkd.or.kr/,기타자료
남북한 언어 관련 토론방글,2009-05-12 01:03:42,관리자,탈북자동지회,http://nkd.or.kr/,기타자료
한국어 맞춤법/문법 검사기,2009-05-12 00:52:50,관리자,탈북자동지회,http://nkd.or.kr/,기타자료
[서식]이력서 서식파일입니다.(단순형),2007-06-18 18:53:51,관리자,탈북자동지회,http://nkd.or.kr/,기타자료
한글맞춤법 교육자료,2009-05-12 00:40:28,관리자,탈북자동지회,http://nkd.or.kr/,기타자료
"[서식]""탈북자영어교실""강사신청서",2007-06-18 19:03:57,관리자,탈북자동지회,http://nkd.or.kr/,기타자료
[취업정보]직장 초년생 마음가짐,2007-06-18 19:07:47,관리자,탈북자동지회,http://nkd.or.kr/,기타자료
발음이 정확해지는 발음교정 문장,2009-05-12 00:35:50,관리자,탈북자동지회,http://nkd.or.kr/,기타자료
말하기강좌 교육용 사설,2009-05-12 00:55:05,관리자,탈북자동지회,http://nkd.or.kr/,기타자료
"[취업정보]취업사이트,안전이용법10계명",2007-07-04 14:25:40,관리자,탈북자동지회,http://nkd.or.kr/,기타자료
[취업정보]취업 성공을 위한 100가지 정보와 방법들,2007-06-18 19:09:34,관리자,탈북자동지회,http://nkd.or.kr/,기타자료
[취업정보]면접시험에서 자주 나오는 질문 120선,2007-06-18 19:08:49,관리자,탈북자동지회,http://nkd.or.kr/,기타자료
"억양,사투리 교정 방법",2009-05-12 00:20:52,관리자,탈북자동지회,http://nkd.or.kr/,기타자료
"[서식]""탈북자영어교실""수강신청서",2007-06-18 19:04:38,관리자,탈북자동지회,http://nkd.or.kr/,기타자료
[서식]구인등록신청서,2007-06-18 19:03:22,관리자,탈북자동지회,http://nkd.or.kr/,기타자료
[서식]자원봉사신청서,2007-09-13 17:44:34,관리자,탈북자동지회,http://nkd.or.kr/,기타자료
"[서식]이력서,자기소개서 서식파일입니다.",2007-06-18 18:52:47,관리자,탈북자동지회,http://nkd.or.kr/,기타자료
북한이탈주민의보호및정착지원에관한법률시행규칙 - 2006.10.30,2007-08-11 13:51:46,관리자,탈북자동지회,http://nkd.or.kr/,법률자료
정착지원에관한법률중개정법률안(황우여의원외16인)-2007.7.19,2007-08-27 17:35:00,관리자,탈북자동지회,http://nkd.or.kr/,법률자료
정착지원에관한법률중개정법률안(정동채의원외21인)-2007.3.27,2007-08-27 17:32:44,관리자,탈북자동지회,http://nkd.or.kr/,법률자료
정착금 세부지원기준(2007.1.1이후입국자대상),2007-08-11 13:56:07,관리자,탈북자동지회,http://nkd.or.kr/,법률자료
북한이탈주민의보호및정착지원에관한법률시행령 - 2006.6.12,2007-08-11 13:50:53,관리자,탈북자동지회,http://nkd.or.kr/,법률자료
북한이탈주민의보호및정착지원에관한법률시행규칙 - 2007.8.10,2008-07-27 14:18:30,관리자,탈북자동지회,http://nkd.or.kr/,법률자료
북한이탈주민의보호및정착지원에관한법률 - 2008.2.29,2008-07-27 14:19:33,관리자,탈북자동지회,http://nkd.or.kr/,법률자료
북한이탈주민의보호및정착지원에관한법률시행령 - 2009.4.14,2009-06-08 02:22:19,관리자,탈북자동지회,http://nkd.or.kr/,법률자료
북한이탈주민의보호및정착지원에관한법률시행령 - 2008.6.5,2008-07-27 14:21:06,관리자,탈북자동지회,http://nkd.or.kr/,법률자료
북한이탈주민의보호및정착지원에관한법률 - 2009.1.30,2009-06-08 02:12:44,관리자,탈북자동지회,http://nkd.or.kr/,법률자료
북한이탈주민의보호및정착지원에관한법률시행규칙 - 2009.4.14,2009-06-08 02:23:57,관리자,탈북자동지회,http://nkd.or.kr/,법률자료
북한이탈주민교육지원지침 - 2002.1.3,2007-06-12 18:37:16,관리자,탈북자동지회,http://nkd.or.kr/,법률자료
정착지원제도 개선방안 주요내용 - 2007.2.8,2007-08-11 13:53:45,관리자,탈북자동지회,http://nkd.or.kr/,법률자료
북한이탈주민의보호및정착지원에관한법률시행령 - 2002.6.3,2007-06-12 18:39:18,관리자,탈북자동지회,http://nkd.or.kr/,법률자료
주민등록법 일부개정안(진영의원외12인)-2008.1.21,2008-01-22 21:01:33,관리자,탈북자동지회,http://nkd.or.kr/,법률자료
북한이탈주민정착지원사무소운영규정 - 1999.7.21,2007-06-12 18:41:13,관리자,탈북자동지회,http://nkd.or.kr/,법률자료
북한이탈주민직업훈련수당지급규정 - 2003.9.20,2007-06-12 18:42:34,관리자,탈북자동지회,http://nkd.or.kr/,법률자료
이산가족교류경비지원에관한지침 - 2004.3.23,2007-06-12 18:44:27,관리자,탈북자동지회,http://nkd.or.kr/,법률자료
북한텔레비전영상자료취급규정 - 2004.6.19,2007-08-11 13:19:38,관리자,탈북자동지회,http://nkd.or.kr/,법률자료
북한이탈주민의보호및정착지원에관한법률시행령 - 2004.12.18,2007-08-11 13:21:50,관리자,탈북자동지회,http://nkd.or.kr/,법률자료
북한이탈주민의보호및정착지원에관한법률시행규칙 - 2004.12.18,2007-08-11 13:22:40,관리자,탈북자동지회,http://nkd.or.kr/,법률자료
북한이탈주민의보호및정착지원에관한법률 - 2001.5.24,2007-06-12 18:38:14,관리자,탈북자동지회,http://nkd.or.kr/,법률자료
북한이탈주민의보호및정착지원에관한법률시행령 - 2005.6.30,2007-08-11 13:23:11,관리자,탈북자동지회,http://nkd.or.kr/,법률자료
임금채권보장법 - 2005.3.31,2007-08-11 13:24:04,관리자,탈북자동지회,http://nkd.or.kr/,법률자료
북한이탈주민의보호및정착지원에관한법률시행규칙 - 2004.4.2,2007-06-12 18:46:00,관리자,탈북자동지회,http://nkd.or.kr/,법률자료
국민건강보험법 - 2005.7.13,2007-08-11 13:25:33,관리자,탈북자동지회,http://nkd.or.kr/,법률자료
고용보험법 - 2005.12.7,2007-08-11 13:24:35,관리자,탈북자동지회,http://nkd.or.kr/,법률자료
보호및정착지원에관한법률중개정법률안(이경재의원) - 2004.11.12,2007-08-11 13:33:53,관리자,탈북자동지회,http://nkd.or.kr/,법률자료
보호및정착지원에관한법률중개정법률안(김문수의원) - 2004.9.24,2007-08-11 13:27:09,관리자,탈북자동지회,http://nkd.or.kr/,법률자료
북한인권법안(윤상현의원외 20인) - 2008.12.26,2011-04-07 16:57:09,관리자,탈북자동지회,http://nkd.or.kr/,법률자료
북한이탈주민의보호및정착지원에관한법률 - 2007.1.26,2007-08-11 13:54:54,관리자,탈북자동지회,http://nkd.or.kr/,법률자료
북한이탈주민의보호및정착지원에관한법률 일부개정 - 2006.12.22,2007-08-11 13:52:44,관리자,탈북자동지회,http://nkd.or.kr/,법률자료
보호및정착지원에관한법률중개정법률안(이화영의원) - 2005.9.14,2007-08-11 13:38:03,관리자,탈북자동지회,http://nkd.or.kr/,법률자료
보호및정착지원에관한법률중개정법률안(김학원의원) - 2004.11.3,2007-08-11 13:31:53,관리자,탈북자동지회,http://nkd.or.kr/,법률자료
보호및정착지원에관한법률중개정법률안(황우여의원) - 2004.12.6,2007-08-11 13:35:30,관리자,탈북자동지회,http://nkd.or.kr/,법률자료
보호및정착지원에관한법률중개정법률안(이성권의원) - 2005.10.25,2007-08-11 13:39:24,관리자,탈북자동지회,http://nkd.or.kr/,법률자료
최저임금법 - 2005.5.31,2007-06-12 18:22:35,관리자,탈북자동지회,http://nkd.or.kr/,법률자료
북한이탈주민 지원제도 세부내용,2007-08-11 13:48:52,관리자,탈북자동지회,http://nkd.or.kr/,법률자료
보호및정착지원에관한법률중개정법률안(박승환의원) - 2005.7.15,2007-08-11 13:36:52,관리자,탈북자동지회,http://nkd.or.kr/,법률자료
북한이탈주민교육지원지침 - 2001.1.30,2007-08-11 13:43:10,관리자,탈북자동지회,http://nkd.or.kr/,법률자료
근로기준법 - 2005.1.27,2007-06-12 18:23:25,관리자,탈북자동지회,http://nkd.or.kr/,법률자료
보호및정착지원에관한법률중개정법률안(박성범의원) - 2006.2.1,2007-08-11 13:40:26,관리자,탈북자동지회,http://nkd.or.kr/,법률자료
북한이탈주민 정착지원제도 현황 - 2004.12.31,2007-06-12 18:34:43,관리자,탈북자동지회,http://nkd.or.kr/,통계자료
"[""북한, \""핵무기 힘의 균형, 핵 있는 평화\"" 주장…한미동맹은 어디로""]","[""2018-03-15""]","[""nkorea""]",북한연구소,http://www.nkorea.or.kr/board/,"[""소장 대외 기고""]"
"[""정상회담 \""한미동맹 굳건함\"" 재확인, 문제는 북한""]","[""2018-03-15""]","[""nkorea""]",북한연구소,http://www.nkorea.or.kr/board/,"[""소장 대외 기고""]"
"[""핵 늪에 빠진 김정은 미래는""]","[""2019-03-28""]","[""nkorea""]",북한연구소,http://www.nkorea.or.kr/board/,"[""소장 대외 기고""]"
"[""김정은 정권 안보, 실질적인 비핵화가 답이다""]","[""2019-03-26""]","[""nkorea""]",북한연구소,http://www.nkorea.or.kr/board/,"[""소장 대외 기고""]"
"[""김정은 경제 부흥 의지 물거품? \""북 경제 급격한 하강국면 빠질 것\""""]","[""2019-11-28""]","[""nkorea""]",북한연구소,http://www.nkorea.or.kr/board/,"[""소장 대외 기고""]"
"[""트럼프,김정은 정상회담이 남북경협에 주는 영향""]","[""2019-03-20""]","[""nkorea""]",북한연구소,http://www.nkorea.or.kr/board/,"[""소장 대외 기고""]"
"[""[글로벌 In＆Out] 북한 경제 개혁의 밀록을 바라보며/피터 워드 북한 전문 칼럼니스트""]","[""2019-10-07""]","[""nkorea""]",북한연구소,http://www.nkorea.or.kr/board/,"[""소장 대외 기고""]"
"[""‘겉만 맴도’는 유엔 안보리 대북제재, 결정적인 ‘한방’이 필요하다""]","[""2018-03-15""]","[""nkorea""]",북한연구소,http://www.nkorea.or.kr/board/,"[""소장 대외 기고""]"
"[""김정은 정권, 서둘러 대화에 나설 이유 있을까""]","[""2018-03-15""]","[""nkorea""]",북한연구소,http://www.nkorea.or.kr/board/,"[""소장 대외 기고""]"
"[""김정은, 황병서 총정치국장 처벌…군사 지도력 불안정 신호탄인가?""]","[""2018-03-15""]","[""nkorea""]",북한연구소,http://www.nkorea.or.kr/board/,"[""소장 대외 기고""]"
"[""[권두언] 전정환 이사장 2019년 신년사""]","[""2019-02-11""]","[""nkorea""]",북한연구소,http://www.nkorea.or.kr/board/,"[""소장 대외 기고""]"
"[""한ㆍ미 대북 ‘포용적’ 대화제의 꺼내, 북한도 같은생각?""]","[""2018-03-15""]","[""nkorea""]",북한연구소,http://www.nkorea.or.kr/board/,"[""소장 대외 기고""]"
"[""북핵 협상의 숨겨진 의도와 대응방안""]","[""2018-03-15""]","[""nkorea""]",북한연구소,http://www.nkorea.or.kr/board/,"[""소장 대외 기고""]"
"[""핵무기 완성했다는 북한, 다음엔 무얼하나""]","[""2018-03-15""]","[""nkorea""]",북한연구소,http://www.nkorea.or.kr/board/,"[""소장 대외 기고""]"
"[""제재와 압박…미국과 북한 대결, 누가 더 오래가나""]","[""2018-03-15""]","[""nkorea""]",북한연구소,http://www.nkorea.or.kr/board/,"[""소장 대외 기고""]"
"[""김정은, 혼란한 정세 노려 ‘맞불’ 군사도발""]","[""2018-03-15""]","[""nkorea""]",북한연구소,http://www.nkorea.or.kr/board/,"[""소장 대외 기고""]"
"[""억지로 가득찬 김정은 신년사, 군비증강 예고""]","[""2018-03-15""]","[""nkorea""]",북한연구소,http://www.nkorea.or.kr/board/,"[""소장 대외 기고""]"
"[""트럼프 주한미군 철수 김정은 때문에?""]","[""2018-03-15""]","[""nkorea""]",북한연구소,http://www.nkorea.or.kr/board/,"[""소장 대외 기고""]"
"[""평화가 평화를 거부하는 평화협정의 역설""]","[""2018-03-15""]","[""nkorea""]",북한연구소,http://www.nkorea.or.kr/board/,"[""소장 대외 기고""]"
"[""김정은 정권 트럼프 정부 기만했나""]","[""2018-03-15""]","[""nkorea""]",북한연구소,http://www.nkorea.or.kr/board/,"[""소장 대외 기고""]"
"[""핵실험장 위성사진에 숨겨진 비밀""]","[""2018-03-15""]","[""nkorea""]",북한연구소,http://www.nkorea.or.kr/board/,"[""소장 대외 기고""]"
"[""북한 김정은 \""군부가 두려워\"" 최용해 앞세운 말 못할 사연""]","[""2018-03-15""]","[""nkorea""]",북한연구소,http://www.nkorea.or.kr/board/,"[""소장 대외 기고""]"
"[""북한이 요구하는 평화협정, 진정한 의도""]","[""2018-03-14""]","[""nkorea""]",북한연구소,http://www.nkorea.or.kr/board/,"[""소장 대외 기고""]"
"[""한국의 핵무장 요구와 한ㆍ미 확장억제의 과제""]","[""2018-03-15""]","[""nkorea""]",북한연구소,http://www.nkorea.or.kr/board/,"[""소장 대외 기고""]"
"[""김정은 정권 제재의 늪은 더욱 깊어지는데""]","[""2018-03-15""]","[""nkorea""]",북한연구소,http://www.nkorea.or.kr/board/,"[""소장 대외 기고""]"
"[""트럼프,김정은 정상회담이 남북경협에 주는 영향""]","[""2019-03-20""]","[""nkorea""]",북한연구소,http://www.nkorea.or.kr/board/,"[""기고""]"
"[""김정은 참수, 진짜 '트럼프 카드' 될 수도""]","[""2017-04-17""]","[""송봉선""]",북한연구소,http://www.nkorea.or.kr/board/,"[""기고""]"
"[""언제까지 美中 힘겨루기에 한반도 안보위기 방치할텐가""]","[""2017-04-17""]","[""송봉선""]",북한연구소,http://www.nkorea.or.kr/board/,"[""기고""]"
"[""김일성 탄생 105주년과 박정희 탄생 100주년""]","[""2017-04-17""]","[""이영진""]",북한연구소,http://www.nkorea.or.kr/board/,"[""기고""]"
"[""北, 反帝反美 중단하고 싶어도 못해""]","[""2017-07-18""]","[""김성학""]",북한연구소,http://www.nkorea.or.kr/board/,"[""기고""]"
"[""김정은 상황 오판 가능성을 경계해야 한다""]","[""2017-04-17""]","[""송봉선""]",북한연구소,http://www.nkorea.or.kr/board/,"[""기고""]"
"[""국정원 對共수사권은 유지돼야 한다""]","[""2017-07-27""]","[""송봉선""]",북한연구소,http://www.nkorea.or.kr/board/,"[""기고""]"
"[""北核 대비 美전술핵 재배치, 생존권 문제다""]","[""2017-04-17""]","[""송봉선""]",북한연구소,http://www.nkorea.or.kr/board/,"[""기고""]"
"[""北에 ‘저자세’ 대화제의, 남북관계 주도권 확보 어렵게 해""]","[""2017-07-19""]","[""nkorea""]",북한연구소,http://www.nkorea.or.kr/board/,"[""기고""]"
"[""김정은의 암살 위협 과잉대비와 우리의 北도발 응징""]","[""2017-04-17""]","[""송봉선""]",북한연구소,http://www.nkorea.or.kr/board/,"[""기고""]"
"[""北미사일 도발과 김정은 체제 불안의 상관성""]","[""2017-04-17""]","[""송봉선""]",북한연구소,http://www.nkorea.or.kr/board/,"[""기고""]"
"[""“핵 집착 김정은 자멸 유도할 정보·외교·군사戰 추진해야”""]","[""2017-04-17""]","[""송봉선""]",북한연구소,http://www.nkorea.or.kr/board/,"[""기고""]"
"[""연변 국제세미나 「동북아시아 북방물류의 변화와 미래전략」""]","[""2014-04-28""]","[""관리자""]",남북물류포럼,http://www.kolofo.org/,"[""학술회의 자료""]"
"[""(사)남북물류포럼 제10주년 기념 공동학술회의 내용(녹취록)""]","[""2014-11-27""]","[""관리자""]",남북물류포럼,http://www.kolofo.org/,"[""학술회의 자료""]"
"[""2014년 중국 단둥 한국해양수산개발원 공동학술회의""]","[""2014-06-25""]","[""관리자""]",남북물류포럼,http://www.kolofo.org/,"[""학술회의 자료""]"
"[""(사)남북물류포럼 제10주년 기념 공동학술회의""]","[""2014-11-27""]","[""관리자""]",남북물류포럼,http://www.kolofo.org/,"[""학술회의 자료""]"
"[""2014년 제2차 실크로드(중앙아시아) 탐방 기념 조찬포럼/전문가 특강/세미나 회의록""]","[""2014-09-02""]","[""관리자""]",남북물류포럼,http://www.kolofo.org/,"[""학술회의 자료""]"
"[""유라시아 아카데미_유라시아 시대의 중국을 가다""]","[""2016-11-23""]","[""관리자""]",남북물류포럼,http://www.kolofo.org/,"[""학술회의 자료""]"
"[""'중국의 신실크로드(일대일로) 전략과 한반도의 선택' 학술세미나 발제문""]","[""2015-06-12""]","[""관리자""]",남북물류포럼,http://www.kolofo.org/,"[""학술회의 자료""]"
"[""[행사보고]한반도 지정학과 동북아에서의 복합적 물류 네트워크 구축""]","[""2012-12-21""]","[""관리자""]",남북물류포럼,http://www.kolofo.org/,"[""학술회의 자료""]"
"[""새 남북경협 패러다임으로 여는 한반도 공동체""]","[""2019-10-14""]","[""관리자""]",남북물류포럼,http://www.kolofo.org/,"[""학술회의 자료""]"
"[""(사)남북물류포럼·동북아역사재단 공동 학술회의 자료집""]","[""2012-12-21""]","[""관리자""]",남북물류포럼,http://www.kolofo.org/,"[""학술회의 자료""]"
"[""한반도 신경제지도 구상과 남북개발협력(정책세미나) 자료집""]","[""2018-05-16""]","[""관리자""]",남북물류포럼,http://www.kolofo.org/,"[""학술회의 자료""]"
"[""연변 국제세미나 요약""]","[""2014-05-18""]","[""관리자""]",남북물류포럼,http://www.kolofo.org/,"[""학술회의 자료""]"
"[""2013 남북물류포럼·동북아평화협력연구원 실크로드 탐방 기념 학술회의""]","[""2013-07-31""]","[""관리자""]",남북물류포럼,http://www.kolofo.org/,"[""학술회의 자료""]"
"[""[김진무 박사]올 하반기 미·북 대화 가능성 있다""]","[""2009-07-06""]","[""관리자""]",남북물류포럼,http://www.kolofo.org/,"[""칼럼""]"
"[""[최재선] \""문화비즈니스를 일군 해양 박물관\"" (칼럼 제476호)""]","[""2019-09-20""]","[""관리자""]",남북물류포럼,http://www.kolofo.org/,"[""칼럼""]"
"[""[김영윤]김정일은 '지푸라기 잡는 심정'""]","[""2010-05-04""]","[""관리자""]",남북물류포럼,http://www.kolofo.org/,"[""칼럼""]"
"[""[임종천] 함께 가야 멀리 간다""]","[""2009-12-24""]","[""관리자""]",남북물류포럼,http://www.kolofo.org/,"[""칼럼""]"
"[""[특별기고 정한기]나진선봉에서의 대북사업 단상""]","[""2009-09-25""]","[""관리자""]",남북물류포럼,http://www.kolofo.org/,"[""칼럼""]"
"[""[박정원]‘대북외자유치’는 법제도적 조치에 의해 보장되어야 성공할 수 있어""]","[""2010-03-06""]","[""관리자""]",남북물류포럼,http://www.kolofo.org/,"[""칼럼""]"
"[""[전현준] 한반도의 봄을 기다리며""]","[""2011-04-12""]","[""관리자""]",남북물류포럼,http://www.kolofo.org/,"[""칼럼""]"
"[""[김영윤]네가 이 땅에 살고 있기 때문에..""]","[""2012-10-09""]","[""관리자""]",남북물류포럼,http://www.kolofo.org/,"[""칼럼""]"
"[""[박정원] 북한의‘사회주의 법치국가 건설론’과 법정비 동향""]","[""2011-06-22""]","[""관리자""]",남북물류포럼,http://www.kolofo.org/,"[""칼럼""]"
"[""[전현준]김정은 후계체제:북한의 개방이 엿보인다.""]","[""2010-11-15""]","[""관리자""]",남북물류포럼,http://www.kolofo.org/,"[""칼럼""]"
"[""[전현준]남북관계사를 통해 본 남북관계 전망""]","[""2010-06-28""]","[""관리자""]",남북물류포럼,http://www.kolofo.org/,"[""칼럼""]"
"[""[전현준]김정일의 방중 결산과 전망""]","[""2010-09-02""]","[""관리자""]",남북물류포럼,http://www.kolofo.org/,"[""칼럼""]"
"[""[김영윤]북한의 미사일 발사는 군사강국으로 가려는 예정된 수순""]","[""2012-03-26""]","[""관리자""]",남북물류포럼,http://www.kolofo.org/,"[""칼럼""]"
"[""[박훤일]강퍅한 지도자와 출애굽의 기적""]","[""2012-03-27""]","[""관리자""]",남북물류포럼,http://www.kolofo.org/,"[""칼럼""]"
"[""[전현준]북한의 ‘위성’ 발사 이후 한반도 정세 전망""]","[""2012-04-01""]","[""관리자""]",남북물류포럼,http://www.kolofo.org/,"[""칼럼""]"
"[""[특별칼럼]북한통과 가스관․철도․전기건설 과연 누가 득일까?""]","[""2012-03-02""]","[""관리자""]",남북물류포럼,http://www.kolofo.org/,"[""칼럼""]"
"[""[추원서] 통일의 길, 우리에게 부족한 것은?""]","[""2012-06-07""]","[""관리자""]",남북물류포럼,http://www.kolofo.org/,"[""칼럼""]"
"[""[김은종] 통즉불통(通卽不痛): 통하면 아프지 않다""]","[""2012-04-16""]","[""관리자""]",남북물류포럼,http://www.kolofo.org/,"[""칼럼""]"
"[""[김영윤] 북한의 체제 공포""]","[""2012-05-14""]","[""관리자""]",남북물류포럼,http://www.kolofo.org/,"[""칼럼""]"
"[""[김영윤] 5.24조치에는 빈 공간이 없다.""]","[""2012-06-13""]","[""관리자""]",남북물류포럼,http://www.kolofo.org/,"[""칼럼""]"
"[""[지해범]한중외교갈등 어떻게 풀것인가.""]","[""2012-02-28""]","[""관리자""]",남북물류포럼,http://www.kolofo.org/,"[""칼럼""]"
"[""[김영윤]남북관계 단절의 경제적 비용""]","[""2010-07-05""]","[""관리자""]",남북물류포럼,http://www.kolofo.org/,"[""칼럼""]"
"[""[정성장]천안함 사태 해결·6자회담 재개·남북한 관계 복원의 방향""]","[""2010-07-19""]","[""관리자""]",남북물류포럼,http://www.kolofo.org/,"[""칼럼""]"
"[""[전현준]북한의 특수성과 우리의 선택""]","[""2010-08-03""]","[""관리자""]",남북물류포럼,http://www.kolofo.org/,"[""칼럼""]"
"[""[강재홍]몽골철도와 골드러시 II""]","[""2010-08-09""]","[""관리자""]",남북물류포럼,http://www.kolofo.org/,"[""칼럼""]"
"[""[김영윤]진정한 광복은 통일이다""]","[""2010-08-16""]","[""관리자""]",남북물류포럼,http://www.kolofo.org/,"[""칼럼""]"
"[""[임을출]중단 없는 남북교역이 희망이다""]","[""2010-08-25""]","[""관리자""]",남북물류포럼,http://www.kolofo.org/,"[""칼럼""]"
"[""[박정원]북한의 시장친화적 정책변화와 남북경협의 역할 제고""]","[""2010-08-30""]","[""관리자""]",남북물류포럼,http://www.kolofo.org/,"[""칼럼""]"
"[""[박정원] 북한의 외국인투자법제 개정과 경제회생의 과제""]","[""2012-04-30""]","[""관리자""]",남북물류포럼,http://www.kolofo.org/,"[""칼럼""]"
"[""[김영윤]나진에 대한 중국의 특별한 애착:""]","[""2010-07-26""]","[""관리자""]",남북물류포럼,http://www.kolofo.org/,"[""칼럼""]"
"[""[김영윤]그래도 남북경협은 이루어진다.""]","[""2012-08-29""]","[""관리자""]",남북물류포럼,http://www.kolofo.org/,"[""칼럼""]"
"[""[전현준] '리영호 사건'이후 북한권력의 향방""]","[""2012-08-29""]","[""관리자""]",남북물류포럼,http://www.kolofo.org/,"[""칼럼""]"
"[""[박정원]새 남북관계를 위한 법제도 개선이 필요하다.""]","[""2012-09-03""]","[""관리자""]",남북물류포럼,http://www.kolofo.org/,"[""칼럼""]"
"[""[김영윤]북한 시장이 오고 있다.""]","[""2012-09-10""]","[""관리자""]",남북물류포럼,http://www.kolofo.org/,"[""칼럼""]"
"[""[추원서]비스마르크로부터 배우는 통일 교훈""]","[""2012-09-18""]","[""관리자""]",남북물류포럼,http://www.kolofo.org/,"[""칼럼""]"
"[""[강재홍]몽골철도와 골드러시""]","[""2010-07-12""]","[""관리자""]",남북물류포럼,http://www.kolofo.org/,"[""칼럼""]"
"[""[김영윤] 내가 보는 안철수와 차기 대선""]","[""2012-08-29""]","[""관리자""]",남북물류포럼,http://www.kolofo.org/,"[""칼럼""]"
"[""[지해범]시진핑의 외교전략과 한국의 과제""]","[""2012-10-22""]","[""관리자""]",남북물류포럼,http://www.kolofo.org/,"[""칼럼""]"
"[""[김은종] 사대강사업과 북한 인프라건설""]","[""2012-11-15""]","[""관리자""]",남북물류포럼,http://www.kolofo.org/,"[""칼럼""]"
"[""[전현준]의도적 '북풍' 실패한다""]","[""2012-11-06""]","[""관리자""]",남북물류포럼,http://www.kolofo.org/,"[""칼럼""]"
"[""[김영윤] 대선주자와 이놈의 남북관계""]","[""2012-08-29""]","[""관리자""]",남북물류포럼,http://www.kolofo.org/,"[""칼럼""]"
"[""[김영윤]문재인은 문재인때문에..""]","[""2012-12-28""]","[""관리자""]",남북물류포럼,http://www.kolofo.org/,"[""칼럼""]"
"[""[박훤일] 한반도 주변국들이 새 정부에 바라는 것""]","[""2013-01-25""]","[""관리자""]",남북물류포럼,http://www.kolofo.org/,"[""칼럼""]"
"[""[김은종]땅도 마르고, 사람도 마르고""]","[""2012-08-29""]","[""관리자""]",남북물류포럼,http://www.kolofo.org/,"[""칼럼""]"
"[""[추원서] 백두산 기슭의 우리집""]","[""2013-01-25""]","[""관리자""]",남북물류포럼,http://www.kolofo.org/,"[""칼럼""]"
"[""[권영태] 5.24조치 해제를 위한 범국민운동본부를 결성하자.""]","[""2011-06-28""]","[""관리자""]",남북물류포럼,http://www.kolofo.org/,"[""칼럼""]"
"[""[강재홍]동몽골철도 (TEMR)와 대륙적 상상력""]","[""2012-08-29""]","[""관리자""]",남북물류포럼,http://www.kolofo.org/,"[""칼럼""]"
"[""[김영윤] 반값 등록금이 가야할 대한민국의 미래""]","[""2012-12-03""]","[""관리자""]",남북물류포럼,http://www.kolofo.org/,"[""칼럼""]"
"[""[전현준]박근혜당선인에게 바란다.""]","[""2013-01-04""]","[""관리자""]",남북물류포럼,http://www.kolofo.org/,"[""칼럼""]"
"[""[강재홍]내몽골과 외몽골, 그 영원한 슬픔(3)""]","[""2011-07-27""]","[""관리자""]",남북물류포럼,http://www.kolofo.org/,"[""칼럼""]"
"[""[추원서] 북⋅중 간 접경지역 개발 협력을 주목하며""]","[""2011-07-12""]","[""관리자""]",남북물류포럼,http://www.kolofo.org/,"[""칼럼""]"
"[""[권영태]'원칙 있는 대화'와 '원칙 있는 포용정책'의 차이""]","[""2011-08-03""]","[""관리자""]",남북물류포럼,http://www.kolofo.org/,"[""칼럼""]"
"[""[권영태] \""기업을 외면하는 정부가 당장 해야 할 일\""""]","[""2011-08-24""]","[""관리자""]",남북물류포럼,http://www.kolofo.org/,"[""칼럼""]"
"[""[김영윤]통일비용과 재원조달""]","[""2010-09-07""]","[""관리자""]",남북물류포럼,http://www.kolofo.org/,"[""칼럼""]"
"[""[강재홍]변경의 부자들""]","[""2010-09-13""]","[""관리자""]",남북물류포럼,http://www.kolofo.org/,"[""칼럼""]"
"[""[박정원] \""남북기본합의서의 정신과 내용을 되새기며\""""]","[""2011-08-16""]","[""관리자""]",남북물류포럼,http://www.kolofo.org/,"[""칼럼""]"
"[""[박정원]독일통일 20년 유감""]","[""2010-10-05""]","[""관리자""]",남북물류포럼,http://www.kolofo.org/,"[""칼럼""]"
"[""[김영윤] “금강산 관광사업 하고 싶어도 못할 수도 있다”""]","[""2011-07-19""]","[""관리자""]",남북물류포럼,http://www.kolofo.org/,"[""칼럼""]"
"[""[김영윤]“동독주민이 들으면 크게 화낼 일이...”""]","[""2010-10-26""]","[""관리자""]",남북물류포럼,http://www.kolofo.org/,"[""칼럼""]"
"[""[박훤일]통일에 따른 북한 인구이동 대책: 한국형 바우처 시스템을 도입하자""]","[""2010-10-18""]","[""관리자""]",남북물류포럼,http://www.kolofo.org/,"[""칼럼""]"
"[""[강재홍]‘지리산 둘레길’이 물류길 맞나요?""]","[""2010-09-28""]","[""관리자""]",남북물류포럼,http://www.kolofo.org/,"[""칼럼""]"
"[""[강재홍]중국 4대미인과 4대강사업""]","[""2010-11-22""]","[""관리자""]",남북물류포럼,http://www.kolofo.org/,"[""칼럼""]"
"[""[박정원]남북 주민 사이의 가족관계 관련 소송 문제""]","[""2010-12-08""]","[""관리자""]",남북물류포럼,http://www.kolofo.org/,"[""칼럼""]"
"[""[박정원]‘인천 교동도에 북한 근로자가 출퇴근 한다면?’""]","[""2010-11-09""]","[""관리자""]",남북물류포럼,http://www.kolofo.org/,"[""칼럼""]"
"[""[김영윤]중·북한 경제적 밀착을 어떻게 할 것인가?""]","[""2010-11-29""]","[""관리자""]",남북물류포럼,http://www.kolofo.org/,"[""칼럼""]"
"[""[강재홍]동북아 지중해 시대와 강원도""]","[""2010-12-21""]","[""관리자""]",남북물류포럼,http://www.kolofo.org/,"[""칼럼""]"
"[""[김영윤]2011년 남북경협 전망 : 외부 환경 변화를 통한 남북관계의 개선을 기대하며""]","[""2010-12-31""]","[""관리자""]",남북물류포럼,http://www.kolofo.org/,"[""칼럼""]"
"[""[전현준]결국은 모두가 변해야 한다:-2010년의 한반도 정세를 바라보며 -""]","[""2010-12-13""]","[""관리자""]",남북물류포럼,http://www.kolofo.org/,"[""칼럼""]"
"[""[추원서]북한의 변화 유도 보다 급한 것""]","[""2011-01-13""]","[""관리자""]",남북물류포럼,http://www.kolofo.org/,"[""칼럼""]"
"[""[김영윤]대화와 협상을 통한 대북한 관리가 이루어져야""]","[""2009-10-23""]","[""관리자""]",남북물류포럼,http://www.kolofo.org/,"[""칼럼""]"
"[""[김영윤]북한 붕괴와 통일비용 논의""]","[""2010-11-01""]","[""관리자""]",남북물류포럼,http://www.kolofo.org/,"[""칼럼""]"
"[""[강재홍] 압록강은 흐른다""]","[""2009-11-20""]","[""관리자""]",남북물류포럼,http://www.kolofo.org/,"[""칼럼""]"
"[""[박정원]“북한의 2009년 헌법개정 의미와 남북관계발전의 길 탐색”""]","[""2009-10-23""]","[""관리자""]",남북물류포럼,http://www.kolofo.org/,"[""칼럼""]"
"[""[김영윤] 북한의 화폐개혁은 자충수""]","[""2009-12-07""]","[""관리자""]",남북물류포럼,http://www.kolofo.org/,"[""칼럼""]"
"[""[전현준]북한 주민들이 우리를 선택하는 기반을 마련하자.""]","[""2011-01-10""]","[""관리자""]",남북물류포럼,http://www.kolofo.org/,"[""칼럼""]"
"[""[강재홍] 북한 화폐개혁의 비밀""]","[""2009-12-11""]","[""관리자""]",남북물류포럼,http://www.kolofo.org/,"[""칼럼""]"
"[""[김영윤]2010년의 끝자락에서 남북관계를 묻다.""]","[""2010-12-27""]","[""관리자""]",남북물류포럼,http://www.kolofo.org/,"[""칼럼""]"
"[""[박경석] 남북관계 발전을 위한 단상 (1)""]","[""2009-12-21""]","[""관리자""]",남북물류포럼,http://www.kolofo.org/,"[""칼럼""]"
"[""[김영봉]한반도발전연구원의 문을 열며""]","[""2009-11-22""]","[""관리자""]",남북물류포럼,http://www.kolofo.org/,"[""칼럼""]"
"[""[강재홍] 내몽골과 외몽골, 그 영원한 슬픔""]","[""2011-05-03""]","[""관리자""]",남북물류포럼,http://www.kolofo.org/,"[""칼럼""]"
"[""[권영태] 5.24조치를 어떻게 볼 것인가?""]","[""2011-04-19""]","[""관리자""]",남북물류포럼,http://www.kolofo.org/,"[""칼럼""]"
"[""[박훤일] 빅뱅의 서막이 될 북한의 화폐개혁""]","[""2009-12-11""]","[""관리자""]",남북물류포럼,http://www.kolofo.org/,"[""칼럼""]"
"[""[박정원] 북한에서 ‘부동산’이란?""]","[""2011-05-17""]","[""관리자""]",남북물류포럼,http://www.kolofo.org/,"[""칼럼""]"
"[""[전현준] 김정일 위원장의 중국방문과 한반도 정세""]","[""2011-05-24""]","[""관리자""]",남북물류포럼,http://www.kolofo.org/,"[""칼럼""]"
"[""[강재홍] 내몽골과 외몽골, 그 영원한 슬픔(2)""]","[""2011-06-14""]","[""관리자""]",남북물류포럼,http://www.kolofo.org/,"[""칼럼""]"
"[""[추원서] 새로운 입장 정립이 필요한 남북대화""]","[""2011-04-26""]","[""관리자""]",남북물류포럼,http://www.kolofo.org/,"[""칼럼""]"
"[""[강재홍]한반도 고속철과 新실크로드""]","[""2010-03-19""]","[""관리자""]",남북물류포럼,http://www.kolofo.org/,"[""칼럼""]"
"[""[김영윤] 딸의 변화와 북한의 변화""]","[""2011-05-11""]","[""관리자""]",남북물류포럼,http://www.kolofo.org/,"[""칼럼""]"
"[""[김영윤] 북한 경제의 중국 예속 우려된다""]","[""2010-03-21""]","[""관리자""]",남북물류포럼,http://www.kolofo.org/,"[""칼럼""]"
"[""[추원서] 김정일 방중 이후의 북·중 경협""]","[""2011-05-31""]","[""관리자""]",남북물류포럼,http://www.kolofo.org/,"[""칼럼""]"
"[""[김영윤]속도내는 북한 對外 경협 관전법""]","[""2010-03-10""]","[""관리자""]",남북물류포럼,http://www.kolofo.org/,"[""칼럼""]"
"[""[박정원]북한의 개정 ‘라선지대법’과 개성공단의 경험""]","[""2010-04-13""]","[""관리자""]",남북물류포럼,http://www.kolofo.org/,"[""칼럼""]"
"[""[김영윤]금강산, 꼭 몰수 당했어야 했나?""]","[""2010-04-26""]","[""관리자""]",남북물류포럼,http://www.kolofo.org/,"[""칼럼""]"
"[""[전현준]북핵문제 해결을 위한 '6자 정상회담' 개최되어야""]","[""2010-01-23""]","[""관리자""]",남북물류포럼,http://www.kolofo.org/,"[""칼럼""]"
"[""[김영윤]북제의  평화협정 회담 성사될까?""]","[""2010-01-27""]","[""관리자""]",남북물류포럼,http://www.kolofo.org/,"[""칼럼""]"
"[""[박정원]북한의 ‘인민생활 향상’은 포화가 아닌 남북경협의 용광로에서 찾아야""]","[""2010-01-28""]","[""관리자""]",남북물류포럼,http://www.kolofo.org/,"[""칼럼""]"
"[""[김영윤] 비밀회담의 교훈과 과제""]","[""2011-06-07""]","[""관리자""]",남북물류포럼,http://www.kolofo.org/,"[""칼럼""]"
"[""[박경석]남북관계 발전을 위한 단상(Ⅱ)""]","[""2010-02-02""]","[""관리자""]",남북물류포럼,http://www.kolofo.org/,"[""칼럼""]"
"[""[강재홍] 호랑이처럼 달리는 한반도 고속열차-2""]","[""2010-02-14""]","[""관리자""]",남북물류포럼,http://www.kolofo.org/,"[""칼럼""]"
"[""[강재홍] 호랑이처럼 달리는 한반도 고속열차""]","[""2010-01-07""]","[""관리자""]",남북물류포럼,http://www.kolofo.org/,"[""칼럼""]"
"[""[전현준]김정일 위원장의 방중 의미와 전망""]","[""2010-04-06""]","[""관리자""]",남북물류포럼,http://www.kolofo.org/,"[""칼럼""]"
"[""[김영윤]거꾸로 들여다 본 2010 북 신년공동사설""]","[""2010-01-14""]","[""관리자""]",남북물류포럼,http://www.kolofo.org/,"[""칼럼""]"
"[""[김영윤] 지금 북한에 필요한 조치는""]","[""2010-02-18""]","[""관리자""]",남북물류포럼,http://www.kolofo.org/,"[""칼럼""]"
"[""[강재홍]동변도철도 기행""]","[""2010-05-11""]","[""관리자""]",남북물류포럼,http://www.kolofo.org/,"[""칼럼""]"
"[""[전현준]'천안함 사건'과 한반도 평화: 최악의 평화라도 최선의 전쟁보다는 낫다""]","[""2010-05-31""]","[""관리자""]",남북물류포럼,http://www.kolofo.org/,"[""칼럼""]"
"[""[박정원]금강산 지역 부동산 몰수:해결할 방법이 없나?""]","[""2010-05-19""]","[""관리자""]",남북물류포럼,http://www.kolofo.org/,"[""칼럼""]"
"[""[전현준]최악의 남북관계 어떻게 돌파할 것인가?""]","[""2010-05-03""]","[""관리자""]",남북물류포럼,http://www.kolofo.org/,"[""칼럼""]"
"[""[박정원]규범통제를 통해 체제강화에 골몰하는 북한""]","[""2010-06-07""]","[""관리자""]",남북물류포럼,http://www.kolofo.org/,"[""칼럼""]"
"[""[김영윤]6·2 선거와 남북관계 단상""]","[""2010-06-07""]","[""관리자""]",남북물류포럼,http://www.kolofo.org/,"[""칼럼""]"
"[""[이종태]평화를 원하거든 평화를 추구하라""]","[""2010-06-21""]","[""관리자""]",남북물류포럼,http://www.kolofo.org/,"[""칼럼""]"
"[""[강재홍]금강산이 떠내려간다""]","[""2010-06-14""]","[""관리자""]",남북물류포럼,http://www.kolofo.org/,"[""칼럼""]"
"[""[김영윤]대북 심리전: 무엇을 목표하나?""]","[""2010-06-28""]","[""관리자""]",남북물류포럼,http://www.kolofo.org/,"[""칼럼""]"
"[""[김영윤 회장]이제야 비로소 알았습니다""]","[""2009-07-27""]","[""관리자""]",남북물류포럼,http://www.kolofo.org/,"[""칼럼""]"
"[""[전현준 박사]김정운, 김정일 보다 더 개방적인 정책을 도입할 가능성 있다""]","[""2009-07-10""]","[""관리자""]",남북물류포럼,http://www.kolofo.org/,"[""칼럼""]"
"[""[김영윤] \""독일 통일과 더불어 삶\"" (칼럼 제479호)""]","[""2019-09-30""]","[""관리자""]",남북물류포럼,http://www.kolofo.org/,"[""칼럼""]"
"[""[김태연] \""왜 느끼지 못하고 외우려 했을까?\"" (제478호)""]","[""2019-09-30""]","[""관리자""]",남북물류포럼,http://www.kolofo.org/,"[""칼럼""]"
"[""[권은민] \""남북경협 법제도 강의 단상""]","[""2019-09-21""]","[""관리자""]",남북물류포럼,http://www.kolofo.org/,"[""칼럼""]"
"[""[김영찬] \""아일랜드 벨파스트에 가다\"" (칼럼 제481호)""]","[""2019-10-15""]","[""관리자""]",남북물류포럼,http://www.kolofo.org/,"[""칼럼""]"
"[""[김영윤]천안함과 퍼싱II “불가능한 결정”의 결정""]","[""2010-05-25""]","[""관리자""]",남북물류포럼,http://www.kolofo.org/,"[""칼럼""]"
"[""[박하] \""서울에서 평양까지 전철타고 가고 싶다\"" (칼럼 제480호)""]","[""2019-10-11""]","[""관리자""]",남북물류포럼,http://www.kolofo.org/,"[""칼럼""]"
"[""[김영윤] \""남북한 관광교류 새롭게 시작하자\"" (칼럼 제485호)""]","[""2019-11-25""]","[""관리자""]",남북물류포럼,http://www.kolofo.org/,"[""칼럼""]"
"[""[전현준] \""금강산 시설 철거'요구를 통해 본 북한의 개방전략\"" (칼럼 제482호)""]","[""2019-10-25""]","[""관리자""]",남북물류포럼,http://www.kolofo.org/,"[""칼럼""]"
"[""[김영윤] \""대통령의 결단과 국민의 자존감\"" (칼럼 제484호)""]","[""2019-11-15""]","[""관리자""]",남북물류포럼,http://www.kolofo.org/,"[""칼럼""]"
"[""[이인애] \""우리는 통일독립운동가\"" (칼럼 제483호)""]","[""2019-11-05""]","[""관리자""]",남북물류포럼,http://www.kolofo.org/,"[""칼럼""]"
"[""[김은종] 경세제민""]","[""2013-01-29""]","[""관리자""]",남북물류포럼,http://www.kolofo.org/,"[""칼럼""]"
"[""[가브리엘 욘손] 한국의 대통령 임기, 단임제에서 중임제로 바뀌어야""]","[""2013-02-05""]","[""관리자""]",남북물류포럼,http://www.kolofo.org/,"[""칼럼""]"
"[""[김영윤] 북한 심장부까지 중국 철도가 오게 할 수는 없다""]","[""2013-12-06""]","[""관리자""]",남북물류포럼,http://www.kolofo.org/,"[""칼럼""]"
"[""[김영윤]]개성공단을 구하자""]","[""2013-04-12""]","[""관리자""]",남북물류포럼,http://www.kolofo.org/,"[""칼럼""]"
"[""[추원서]시진핑 방한이 남긴 한국외교의 숙제""]","[""2014-07-12""]","[""관리자""]",남북물류포럼,http://www.kolofo.org/,"[""칼럼""]"
"[""[박훤일] 개성공단의 국제화가 성공하려면""]","[""2013-08-28""]","[""관리자""]",남북물류포럼,http://www.kolofo.org/,"[""칼럼""]"
"[""[강재홍] 몽골의 설 '차강살'""]","[""2015-02-13""]","[""관리자""]",남북물류포럼,http://www.kolofo.org/,"[""칼럼""]"
"[""[지해범] 南과 北이 손바닥을 마주치려면""]","[""2014-04-09""]","[""관리자""]",남북물류포럼,http://www.kolofo.org/,"[""칼럼""]"
"[""[김영윤]「통일준비위원회」와 박대통령의 책임""]","[""2014-03-22""]","[""관리자""]",남북물류포럼,http://www.kolofo.org/,"[""칼럼""]"
"[""[전현준]‘8.25 남북합의’ 의미와 남북 최고지도자의 소명﻿""]","[""2015-08-27""]","[""관리자""]",남북물류포럼,http://www.kolofo.org/,"[""칼럼""]"
"[""[전현준] 기대반 우려반의 반기문 UN사무총장 방북(칼럼 제290호)""]","[""2015-11-26""]","[""관리자""]",남북물류포럼,http://www.kolofo.org/,"[""칼럼""]"
"[""[추원서] 일대일로(一帶一路)와 유라시아 이니시어티브(칼럼 제291호)""]","[""2015-12-03""]","[""관리자""]",남북물류포럼,http://www.kolofo.org/,"[""칼럼""]"
"[""[지해범] 급변하는 동북아 정세, 한국에 ‘생존전략’을 묻는다""]","[""2013-11-29""]","[""관리자""]",남북물류포럼,http://www.kolofo.org/,"[""칼럼""]"
"[""[정경화] 북한의‘선군정치’변한다.""]","[""2014-11-19""]","[""관리자""]",남북물류포럼,http://www.kolofo.org/,"[""칼럼""]"
"[""[김영윤] “대통령의 분노와 증오의 집단 정서” (칼럼 제301호)""]","[""2016-03-02""]","[""관리자""]",남북물류포럼,http://www.kolofo.org/,"[""칼럼""]"
"[""[정경화] 협상하라, 북한과 협상하라 (칼럼 제303호)""]","[""2016-03-21""]","[""관리자""]",남북물류포럼,http://www.kolofo.org/,"[""칼럼""]"
"[""[정경화] ‘국제정치학 개론과 북핵문제’(칼럼 제304호)""]","[""2016-04-05""]","[""관리자""]",남북물류포럼,http://www.kolofo.org/,"[""칼럼""]"
"[""[정경화] 북한 문화예술에 대한 단상(칼럼 제292호)""]","[""2015-12-22""]","[""관리자""]",남북물류포럼,http://www.kolofo.org/,"[""칼럼""]"
"[""[김영윤] 결국은 사회 시스템이다""]","[""2015-08-23""]","[""관리자""]",남북물류포럼,http://www.kolofo.org/,"[""칼럼""]"
"[""[전현준의 북한읽기] 대북 경제 ‘융단’ 폭격: 김정은의 선택은?""]","[""2016-04-05""]","[""관리자""]",남북물류포럼,http://www.kolofo.org/,"[""칼럼""]"
"[""[박정원] 남북이 ‘맞잡은 손’ 놓지 않게 하기""]","[""2014-03-05""]","[""관리자""]",남북물류포럼,http://www.kolofo.org/,"[""칼럼""]"
"[""[김영윤] 억지논리가 한국의 운명을 갈라서야 되겠는가? (칼럼 제 300호)""]","[""2016-02-19""]","[""관리자""]",남북물류포럼,http://www.kolofo.org/,"[""칼럼""]"
"[""[김영윤] 북한의 개성공단 불만과 한국 정부의 선택""]","[""2015-05-27""]","[""관리자""]",남북물류포럼,http://www.kolofo.org/,"[""칼럼""]"
"[""[김영윤] “호주, 한국보다 얼마나 잘 사는가?”""]","[""2015-07-27""]","[""관리자""]",남북물류포럼,http://www.kolofo.org/,"[""칼럼""]"
"[""[추원서] 뒤늦은 AIIB 가입 결정의 성찰적 교훈""]","[""2015-06-16""]","[""관리자""]",남북물류포럼,http://www.kolofo.org/,"[""칼럼""]"
"[""[박훤일] MERS가 불러온 상념들""]","[""2015-07-02""]","[""관리자""]",남북물류포럼,http://www.kolofo.org/,"[""칼럼""]"
"[""[김영윤] 호주의 최저임금으로 구입할수있는 생필품의 정도""]","[""2015-08-14""]","[""관리자""]",남북물류포럼,http://www.kolofo.org/,"[""칼럼""]"
"[""[권은민] 포은(圃隱)의 길, 새로운 물류의 길 (칼럼 제302호)""]","[""2016-03-07""]","[""관리자""]",남북물류포럼,http://www.kolofo.org/,"[""칼럼""]"
"[""[정경화] 대북 인도적 지원, 정치적 수단이 되어서는 안된다.""]","[""2015-06-08""]","[""관리자""]",남북물류포럼,http://www.kolofo.org/,"[""칼럼""]"
"[""[김영윤] 광복 70주년에 부쳐 “명령을 따르라”""]","[""2015-08-15""]","[""관리자""]",남북물류포럼,http://www.kolofo.org/,"[""칼럼""]"
"[""[전현준] 북한의 ‘고위급(?)’ 인사 탈북사태: 의미와 유의점""]","[""2015-07-15""]","[""관리자""]",남북물류포럼,http://www.kolofo.org/,"[""칼럼""]"
"[""\u0009[김영윤] “편 가르는 정부, 눈치 보는 언론:  대한민국의 미래가 없다” (칼럼 제307호)     ""]","[""2016-04-28""]","[""관리자""]",남북물류포럼,http://www.kolofo.org/,"[""칼럼""]"
"[""[김영윤] 호주의 비정규직 최저임금이 정규직 보다 많은 이유""]","[""2015-08-05""]","[""관리자""]",남북물류포럼,http://www.kolofo.org/,"[""칼럼""]"
"[""[전현준] 김정일 사후 4년: 북한에는 무슨 일이 있었나?(칼럼 제294호)""]","[""2015-12-31""]","[""관리자""]",남북물류포럼,http://www.kolofo.org/,"[""칼럼""]"
"[""[김영윤] 대북 확성기 방송 재개, 과연 최선의 선택이었나?(칼럼 제295호)""]","[""2016-01-10""]","[""관리자""]",남북물류포럼,http://www.kolofo.org/,"[""칼럼""]"
"[""[정경화] 광복 70주년 지금 우리에겐 빌리 브란트 같은 지도자가 필요하다""]","[""2015-08-17""]","[""관리자""]",남북물류포럼,http://www.kolofo.org/,"[""칼럼""]"
"[""[추원서] 길 잃은 남북관계의 앞날(칼럼 제297호)""]","[""2016-02-05""]","[""관리자""]",남북물류포럼,http://www.kolofo.org/,"[""칼럼""]"
"[""[전현준] 평화는 무력으로 유지될 수 없다(칼럼 제296호)""]","[""2016-01-22""]","[""관리자""]",남북물류포럼,http://www.kolofo.org/,"[""칼럼""]"
"[""[곽태환]남북간 진정한 대화와 협상을 촉구한다.(특별칼럼 제306호)    ""]","[""2016-04-15""]","[""관리자""]",남북물류포럼,http://www.kolofo.org/,"[""칼럼""]"
"[""[김영윤] “｢8·25 합의｣와 우리 정부에 대한 신뢰”""]","[""2015-09-01""]","[""관리자""]",남북물류포럼,http://www.kolofo.org/,"[""칼럼""]"
"[""[전현준의 북한읽기] ‘4.13 총선’의 대북정책 민심과 야당의 역할""]","[""2016-04-28""]","[""관리자""]",남북물류포럼,http://www.kolofo.org/,"[""칼럼""]"
"[""[추원서] 기로에선 남북관계""]","[""2015-09-07""]","[""관리자""]",남북물류포럼,http://www.kolofo.org/,"[""칼럼""]"
"[""[전현준] 전현준의 북한읽기_위기의 동북아 정세: 우리는 무엇을 해야 하는가?""]","[""2016-02-18""]","[""관리자""]",남북물류포럼,http://www.kolofo.org/,"[""칼럼""]"
"[""[전현준] 북한은 당창건 기념일(10.10)에 축포를 쏠 ﻿것인가?""]","[""2015-09-27""]","[""관리자""]",남북물류포럼,http://www.kolofo.org/,"[""칼럼""]"
"[""[권은민] 북녘 삶 속, 슬픈 이혼 (칼럼 제286호)""]","[""2015-10-02""]","[""관리자""]",남북물류포럼,http://www.kolofo.org/,"[""칼럼""]"
"[""[정경화] ﻿더 이상 ‘성공적인 정착’을 이야기하지 않을 때···(칼럼 제288호)""]","[""2015-11-01""]","[""관리자""]",남북물류포럼,http://www.kolofo.org/,"[""칼럼""]"
"[""[김철원] 한반도 전체 관광이 중국에 중속될 가능성 있다.""]","[""2015-09-27""]","[""관리자""]",남북물류포럼,http://www.kolofo.org/,"[""칼럼""]"
"[""[추원서] 자충수로 더 멀어진 북한 핵문제 해결(칼럼 제 299호)""]","[""2016-02-15""]","[""관리자""]",남북물류포럼,http://www.kolofo.org/,"[""칼럼""]"
"[""[전현준] 박근혜 정부는 어떤 통일정책을 펴야 할 것인가?""]","[""2014-04-23""]","[""관리자""]",남북물류포럼,http://www.kolofo.org/,"[""칼럼""]"
"[""[김영윤] 기도와 통일, 라이프치히 니콜라이 교회의 월요 평화기도회(칼럼 제289호)""]","[""2015-11-16""]","[""관리자""]",남북물류포럼,http://www.kolofo.org/,"[""칼럼""]"
"[""[박훤일] 배안에 갇힌 사람들""]","[""2014-05-02""]","[""관리자""]",남북물류포럼,http://www.kolofo.org/,"[""칼럼""]"
"[""[박정원]안보와 안전 그리고 통일""]","[""2014-06-26""]","[""관리자""]",남북물류포럼,http://www.kolofo.org/,"[""칼럼""]"
"[""[전현준]북일관계 개선 합의와 ‘한민족안보’""]","[""2014-06-09""]","[""관리자""]",남북물류포럼,http://www.kolofo.org/,"[""칼럼""]"
"[""[추원서] 5․24 조치 해제하고 남북관계 복원 나서라""]","[""2014-05-14""]","[""관리자""]",남북물류포럼,http://www.kolofo.org/,"[""칼럼""]"
"[""[박훤일] 북한의 신흥 자본가 '돈주'의 활동과 그 파장(칼럼 제287호)""]","[""2015-10-20""]","[""관리자""]",남북물류포럼,http://www.kolofo.org/,"[""칼럼""]"
"[""[김영윤]‘통준위의 ‘통일론’이 간과하고 있는 것""]","[""2015-03-19""]","[""관리자""]",남북물류포럼,http://www.kolofo.org/,"[""칼럼""]"
"[""[박정원]북한의 경제법제 정비 동향과 함의""]","[""2015-03-25""]","[""관리자""]",남북물류포럼,http://www.kolofo.org/,"[""칼럼""]"
"[""[추원서]광복 70년에도 마주 보며 뺨 때리는 남과 북""]","[""2015-03-27""]","[""관리자""]",남북물류포럼,http://www.kolofo.org/,"[""칼럼""]"
"[""[박훤일]부산 광안리에서의 통일경축 불꽃놀이를 기원하며""]","[""2015-04-16""]","[""관리자""]",남북물류포럼,http://www.kolofo.org/,"[""칼럼""]"
"[""[박헌열] 단동 단상: 남북 상생이 가야할 길이다""]","[""2014-07-04""]","[""관리자""]",남북물류포럼,http://www.kolofo.org/,"[""칼럼""]"
"[""[김은종] 최적의 전략적 외교가 필요하다""]","[""2015-02-16""]","[""관리자""]",남북물류포럼,http://www.kolofo.org/,"[""칼럼""]"
"[""[김영윤]국민안전이 어찌 세월호 참사에 따른 대책에만 그칠 것인가?""]","[""2014-06-04""]","[""관리자""]",남북물류포럼,http://www.kolofo.org/,"[""칼럼""]"
"[""[추원서] 안단의 눈물과 박근혜 정부에게 보내는 두 가지 고언""]","[""2014-12-24""]","[""관리자""]",남북물류포럼,http://www.kolofo.org/,"[""칼럼""]"
"["" [전현준]김정은의 ‘철권 통치'와 발전 전략, 그리고 한국의 선택""]","[""2015-05-01""]","[""관리자""]",남북물류포럼,http://www.kolofo.org/,"[""칼럼""]"
"[""[이태호] 통일비용을 줄이려면···""]","[""2014-12-01""]","[""관리자""]",남북물류포럼,http://www.kolofo.org/,"[""칼럼""]"
"[""[박훤일] 북한 주민의 마음을 얻는 것이 ‘통일대박’""]","[""2014-12-15""]","[""관리자""]",남북물류포럼,http://www.kolofo.org/,"[""칼럼""]"
"[""[전현준]‘북한 붕괴론’의 ‘망령’이 아직도 떠돌고 있다""]","[""2015-03-01""]","[""관리자""]",남북물류포럼,http://www.kolofo.org/,"[""칼럼""]"
"[""[김영윤] “노란색 신호등의 여유와 더불어 사는 삶”""]","[""2015-01-04""]","[""관리자""]",남북물류포럼,http://www.kolofo.org/,"[""칼럼""]"
"[""[추원서] “박근혜 정부의 결연한 의지와 전략적 선택이 중요하다”""]","[""2015-01-06""]","[""관리자""]",남북물류포럼,http://www.kolofo.org/,"[""칼럼""]"
"[""[김영윤] 중국이 그리는 세계경제 지도와 남북관계에서 가장 소중한 일""]","[""2015-05-13""]","[""관리자""]",남북물류포럼,http://www.kolofo.org/,"[""칼럼""]"
"["" [박훤일] 한반도는 더 이상 섬일 수 없다""]","[""2014-08-08""]","[""관리자""]",남북물류포럼,http://www.kolofo.org/,"[""칼럼""]"
"[""[전현준]2015년 남북정상회담 가능할까?""]","[""2015-01-04""]","[""관리자""]",남북물류포럼,http://www.kolofo.org/,"[""칼럼""]"
"[""[정경화] '북한 조기붕괴론, 설득력 없다!'""]","[""2015-01-20""]","[""관리자""]",남북물류포럼,http://www.kolofo.org/,"[""칼럼""]"
"[""[김영윤] 세월호와 방관자들""]","[""2014-09-16""]","[""관리자""]",남북물류포럼,http://www.kolofo.org/,"[""칼럼""]"
"[""[정경화] 대북선교, 트로이목마인가?""]","[""2014-07-29""]","[""관리자""]",남북물류포럼,http://www.kolofo.org/,"[""칼럼""]"
"[""[추원서]공부하는 북한""]","[""2014-08-28""]","[""관리자""]",남북물류포럼,http://www.kolofo.org/,"[""칼럼""]"
"[""[김영윤]“남북 관계개선을 위해 확보된 시간이 얼마 없다”""]","[""2015-01-04""]","[""관리자""]",남북물류포럼,http://www.kolofo.org/,"[""칼럼""]"
"[""[정경화] 세월호, ‘정의’라는 돛을 달아 다시 띄우자""]","[""2014-08-17""]","[""관리자""]",남북물류포럼,http://www.kolofo.org/,"[""칼럼""]"
"[""[김은종] 길은 다녀야 만들어진다 (道, 行之而成)""]","[""2014-10-13""]","[""관리자""]",남북물류포럼,http://www.kolofo.org/,"[""칼럼""]"
"[""[지해범] 일본과 중국, 한반도 밥상에' 숟가락' 들이민다""]","[""2013-09-05""]","[""관리자""]",남북물류포럼,http://www.kolofo.org/,"[""칼럼""]"
"[""[김영윤] ｢통일준비위원회｣의 한계""]","[""2014-10-28""]","[""관리자""]",남북물류포럼,http://www.kolofo.org/,"[""칼럼""]"
"[""[김은종] 개성공단 재가동을 보며""]","[""2013-10-10""]","[""관리자""]",남북물류포럼,http://www.kolofo.org/,"[""칼럼""]"
"[""[전현준] 대북 ‘삐라’ 살포 계속 내버려두어야 하나?""]","[""2014-11-04""]","[""관리자""]",남북물류포럼,http://www.kolofo.org/,"[""칼럼""]"
"[""[김영윤] 미워도 다시 한 번""]","[""2013-10-03""]","[""관리자""]",남북물류포럼,http://www.kolofo.org/,"[""칼럼""]"
"[""[김영윤] 이별과 똘래랑스""]","[""2013-09-17""]","[""관리자""]",남북물류포럼,http://www.kolofo.org/,"[""칼럼""]"
"[""[추원서] 동북아 안보질서 변화와 한국의 3중 고민""]","[""2013-10-31""]","[""관리자""]",남북물류포럼,http://www.kolofo.org/,"[""칼럼""]"
"[""[전현준]누가 통일을 주도해야 하나?""]","[""2013-10-26""]","[""관리자""]",남북물류포럼,http://www.kolofo.org/,"[""칼럼""]"
"[""[김은종]‘君君臣臣父父子子’-다움의 미학-""]","[""2013-11-13""]","[""관리자""]",남북물류포럼,http://www.kolofo.org/,"[""칼럼""]"
"[""[추원서]‘세 가지 딜레마’로 위협받는 동북아평화협력""]","[""2013-12-24""]","[""관리자""]",남북물류포럼,http://www.kolofo.org/,"[""칼럼""]"
"[""[박훤일] 이제 UN과 한국이 나서야 할 때다 - 두만강포럼 참가 후기-""]","[""2013-11-20""]","[""관리자""]",남북물류포럼,http://www.kolofo.org/,"[""칼럼""]"
"[""[김영윤] 남북물류포럼의 다짐과 대통령의 초심""]","[""2013-12-31""]","[""관리자""]",남북물류포럼,http://www.kolofo.org/,"[""칼럼""]"
"[""[전현준] 장성택 사건의 배경과 향후 북한 정책 전망""]","[""2013-12-16""]","[""관리자""]",남북물류포럼,http://www.kolofo.org/,"[""칼럼""]"
"[""[추원서] 통일은 과연 대박인가?""]","[""2014-01-27""]","[""관리자""]",남북물류포럼,http://www.kolofo.org/,"[""칼럼""]"
"[""[전현준] 2014년의 북한을 전망한다. - 2014년 북한 신년사 분석을 바탕으로 -""]","[""2014-01-13""]","[""관리자""]",남북물류포럼,http://www.kolofo.org/,"[""칼럼""]"
"[""[김은종]북한의 중대제안에 일단 응하는 것이 상책이다.""]","[""2014-02-10""]","[""관리자""]",남북물류포럼,http://www.kolofo.org/,"[""칼럼""]"
"[""[박훤일]과부의 항아리, 진정한 대박""]","[""2014-02-19""]","[""관리자""]",남북물류포럼,http://www.kolofo.org/,"[""칼럼""]"
"[""[전현준]한반도 문제의 근본적 해결책을 논할때..""]","[""2013-04-22""]","[""관리자""]",남북물류포럼,http://www.kolofo.org/,"[""칼럼""]"
"[""[김영윤] \""개성첨단기술개발구\""라니?""]","[""2013-11-07""]","[""관리자""]",남북물류포럼,http://www.kolofo.org/,"[""칼럼""]"
"[""[지해범]\""개성공단 재개에 북한 살 길 있다\""""]","[""2013-05-08""]","[""관리자""]",남북물류포럼,http://www.kolofo.org/,"[""칼럼""]"
"[""[박정원] \""개성공단, 그 자체 문제만 풀어라\""""]","[""2013-05-22""]","[""관리자""]",남북물류포럼,http://www.kolofo.org/,"[""칼럼""]"
"[""[김영윤]개성공단, 평화비용 관점에서 보아야\""""]","[""2013-05-02""]","[""관리자""]",남북물류포럼,http://www.kolofo.org/,"[""칼럼""]"
"[""[김은종] 남북관계도 분리대응을""]","[""2013-06-11""]","[""관리자""]",남북물류포럼,http://www.kolofo.org/,"[""칼럼""]"
"[""[김영윤] 북한 무너진 통일에는 ‘대박’이 없다""]","[""2014-01-27""]","[""관리자""]",남북물류포럼,http://www.kolofo.org/,"[""칼럼""]"
"[""[김영윤]  \""스타리 모스트와 남북의 다리\""""]","[""2013-05-18""]","[""관리자""]",남북물류포럼,http://www.kolofo.org/,"[""칼럼""]"
"[""[박훤일] 축제같은 이산가족상봉""]","[""2013-06-11""]","[""관리자""]",남북물류포럼,http://www.kolofo.org/,"[""칼럼""]"
"[""[김영윤] “물류로 남북을 잇겠다”""]","[""2013-02-28""]","[""관리자""]",남북물류포럼,http://www.kolofo.org/,"[""칼럼""]"
"[""[박정원]]\""북한의 국제규범 위반과 재제의 악순환의 고리를 끊어야\""""]","[""2013-03-28""]","[""관리자""]",남북물류포럼,http://www.kolofo.org/,"[""칼럼""]"
"[""[추원서] 아베를 보며 개성공단을 생각하다""]","[""2013-06-08""]","[""관리자""]",남북물류포럼,http://www.kolofo.org/,"[""칼럼""]"
"[""[지해범]]\""중국내 혐북론 어떻게 볼 것인가\""""]","[""2013-03-28""]","[""관리자""]",남북물류포럼,http://www.kolofo.org/,"[""칼럼""]"
"[""[박훤일] 창조경제와 북한문제""]","[""2013-04-25""]","[""관리자""]",남북물류포럼,http://www.kolofo.org/,"[""칼럼""]"
"[""[추원서]죄수의 딜레마와 남북의 선택""]","[""2013-04-02""]","[""관리자""]",남북물류포럼,http://www.kolofo.org/,"[""칼럼""]"
"[""[김영윤]개성공단의 운명과자존심""]","[""2013-04-08""]","[""관리자""]",남북물류포럼,http://www.kolofo.org/,"[""칼럼""]"
"[""[김은종]나라 바로 세우기가 시급하다.""]","[""2013-03-28""]","[""관리자""]",남북물류포럼,http://www.kolofo.org/,"[""칼럼""]"
"[""[전현준] 박근혜 정부의 출범에 즈음하여""]","[""2013-03-05""]","[""관리자""]",남북물류포럼,http://www.kolofo.org/,"[""칼럼""]"
"[""[전현준의 북한읽기] 북한 조선노동당 제7차대회와 그 이후""]","[""2016-05-06""]","[""관리자""]",남북물류포럼,http://www.kolofo.org/,"[""칼럼""]"
"[""[추원서] 사드 배치 결정은  재고(再考)되어야 한다 (칼럼 제317호)""]","[""2016-07-14""]","[""관리자""]",남북물류포럼,http://www.kolofo.org/,"[""칼럼""]"
"[""[김은종] 혼돈 속 국민들, 창조정치시대에 살다 (칼럼 제328호)""]","[""2016-10-06""]","[""관리자""]",남북물류포럼,http://www.kolofo.org/,"[""칼럼""]"
"[""[권은민] 종﻿갓집에서 느낀 것 (칼럼 제367호)""]","[""2017-07-04""]","[""관리자""]",남북물류포럼,http://www.kolofo.org/,"[""칼럼""]"
"[""[권은민] 어느 행사장에서 생긴 일 (칼럼 제377호)""]","[""2017-09-03""]","[""관리자""]",남북물류포럼,http://www.kolofo.org/,"[""칼럼""]"
"[""[김영윤] 한국의 ｢빌리 브란트｣를 기대하며··· (칼럼 제357호)""]","[""2017-05-02""]","[""관리자""]",남북물류포럼,http://www.kolofo.org/,"[""칼럼""]"
"[""[김영찬] 어느새 통독 26년 (칼럼 제327호)""]","[""2016-10-04""]","[""관리자""]",남북물류포럼,http://www.kolofo.org/,"[""칼럼""]"
"[""[김영윤] 시베리아 횡단철도의 방향을 돌려라 (칼럼 제329호)""]","[""2016-10-16""]","[""관리자""]",남북물류포럼,http://www.kolofo.org/,"[""칼럼""]"
"[""[곽태환] \""평창올림픽이후 해빙무드가 지속되려면\"" (칼럼 제396호)""]","[""2018-01-15""]","[""관리자""]",남북물류포럼,http://www.kolofo.org/,"[""칼럼""]"
"[""[추원서] 남북관계개선이 북핵문제 해결의 초석(칼럼 제397호)""]","[""2018-01-17""]","[""관리자""]",남북물류포럼,http://www.kolofo.org/,"[""칼럼""]"
"[""[정경화] '내가 본 독일' (칼럼 제386호)""]","[""2017-11-28""]","[""관리자""]",남북물류포럼,http://www.kolofo.org/,"[""칼럼""]"
"[""[권은민]헌법 개정과 영토조항 (칼럼 제400호)""]","[""2018-02-10""]","[""관리자""]",남북물류포럼,http://www.kolofo.org/,"[""칼럼""]"
"[""[전현준] '조선노동당 제7차 대회 정치적 의미'(칼럼 제308호)""]","[""2016-05-11""]","[""관리자""]",남북물류포럼,http://www.kolofo.org/,"[""칼럼""]"
"[""[전현준] ‘평양올림픽’이라고 주장하는 근거는 무엇인가? (칼럼 398호)""]","[""2018-01-23""]","[""관리자""]",남북물류포럼,http://www.kolofo.org/,"[""칼럼""]"
"[""[김영윤] 2017 새해벽두에 부치는 글 “이제는 ｢북방협력｣이다”(칼럼 제338호)""]","[""2016-12-28""]","[""관리자""]",남북물류포럼,http://www.kolofo.org/,"[""칼럼""]"
"[""[한명섭] '제재의 빈틈을 노린 개성공단 재가동 어렵다.' (칼럼 제406호)""]","[""2018-03-23""]","[""관리자""]",남북물류포럼,http://www.kolofo.org/,"[""칼럼""]"
"[""[곽길섭] 김정은을 움직이는 여인들 (칼럼 제409호)""]","[""2018-04-26""]","[""관리자""]",남북물류포럼,http://www.kolofo.org/,"[""칼럼""]"
"[""[김영윤] 칼럼니스트를﻿ 위﻿한 변명(칼럼408호)""]","[""2018-04-22""]","[""관리자""]",남북물류포럼,http://www.kolofo.org/,"[""칼럼""]"
"[""(김은종) 착각과 관행의 폐해 (칼럼 제410호)""]","[""2018-04-30""]","[""관리자""]",남북물류포럼,http://www.kolofo.org/,"[""칼럼""]"
"[""[한명섭]“판문점 선언, 그 성격에 관계없이 지켜져야 한다.” (칼럼 제412호)""]","[""2018-05-08""]","[""관리자""]",남북물류포럼,http://www.kolofo.org/,"[""칼럼""]"
"[""(전현준) 판문점 선언: 진정 한반도에 공고한 평화가 올 것인가? (칼럼 제411호)""]","[""2018-05-07""]","[""관리자""]",남북물류포럼,http://www.kolofo.org/,"[""칼럼""]"
"[""(곽길섭) 신남북관계: 핵을 넘어 화해․협력으로  (칼럼 제413호)""]","[""2018-05-09""]","[""관리자""]",남북물류포럼,http://www.kolofo.org/,"[""칼럼""]"
"[""[김영윤] '강자의 논리'와 '자발적 복종' (칼럼 제387호)""]","[""2017-12-05""]","[""관리자""]",남북물류포럼,http://www.kolofo.org/,"[""칼럼""]"
"[""[김영윤] \""김정은 위원장의 마음이 가는 그 곳~\"" (칼럼 제414호)""]","[""2018-05-27""]","[""관리자""]",남북물류포럼,http://www.kolofo.org/,"[""칼럼""]"
"[""[전현준] 2017년 북한 신년사 종합분석:  공세적인 대·내외 정책 구사할 듯 (칼럼 제339호)""]","[""2017-01-01""]","[""관리자""]",남북물류포럼,http://www.kolofo.org/,"[""칼럼""]"
"[""[추원서] 2017년 북한 신년사 분석: 대외정책편(칼럼 제341호)""]","[""2017-01-03""]","[""관리자""]",남북물류포럼,http://www.kolofo.org/,"[""칼럼""]"
"[""[곽길섭] \""역사에 부끄럽지 않은 2월이 되어야 한다.\"" (칼럼 제399호)""]","[""2018-02-05""]","[""관리자""]",남북물류포럼,http://www.kolofo.org/,"[""칼럼""]"
"[""[이유진] 2017년 북한 신년사 분석: 대남정책편 - 남북관계개선 어려울 듯 -(칼럼제 342호)""]","[""2017-01-05""]","[""관리자""]",남북물류포럼,http://www.kolofo.org/,"[""칼럼""]"
"[""[김영윤] “대북 인도주의 사업 중심에 한국교회가 있어야” (칼럼 제343호)""]","[""2017-01-08""]","[""관리자""]",남북물류포럼,http://www.kolofo.org/,"[""칼럼""]"
"[""[김영윤] 호주 투표제도에서 배운다. -기권이ㅣ 정치적 의사행위가 되려면-""]","[""2017-01-31""]","[""관리자""]",남북물류포럼,http://www.kolofo.org/,"[""칼럼""]"
"[""[곽태환] 북핵문제, 새로운 해법 모색해야 (칼럼 제346호)""]","[""2017-02-05""]","[""관리자""]",남북물류포럼,http://www.kolofo.org/,"[""칼럼""]"
"[""[김은종] “우리 모두 비겁하지 말자” (칼럼 제344호)""]","[""2017-01-16""]","[""관리자""]",남북물류포럼,http://www.kolofo.org/,"[""칼럼""]"
"[""[전현준] 북미장상회담의 의의와 남북관계 (칼럼 제418호)""]","[""2018-06-13""]","[""관리자""]",남북물류포럼,http://www.kolofo.org/,"[""칼럼""]"
"[""[추원서] \""과거와의 결별: 남북협력의 새로운 길로 나서야\"" (칼럼 제419호)""]","[""2018-06-19""]","[""관리자""]",남북물류포럼,http://www.kolofo.org/,"[""칼럼""]"
"[""[김영윤] \""김정은과 트럼프의 케미\"" (칼럼 제420호)""]","[""2018-06-23""]","[""관리자""]",남북물류포럼,http://www.kolofo.org/,"[""칼럼""]"
"[""[양승희] \""여행과 학습의 조합, 나에겐 신선한 충격\"" (칼럼 422호)""]","[""2018-07-21""]","[""관리자""]",남북물류포럼,http://www.kolofo.org/,"[""칼럼""]"
"[""[김영윤] 2017년 북한 신년사 분석:경제편 (칼럼 제 340호)""]","[""2017-01-03""]","[""관리자""]",남북물류포럼,http://www.kolofo.org/,"[""칼럼""]"
"[""[김영찬] \""독일의 재정균등화제도: 전국이 고르게 잘살기\"" (칼럼 424호)""]","[""2018-07-26""]","[""관리자""]",남북물류포럼,http://www.kolofo.org/,"[""칼럼""]"
"[""[김은종] \""북미정상회담이 남긴 것들\"" (칼럼 421호)""]","[""2018-06-30""]","[""관리자""]",남북물류포럼,http://www.kolofo.org/,"[""칼럼""]"
"[""[김영희] \""문제해결의 열쇠는 무한 신뢰와 믿음뿐\"" (칼럼 425호)""]","[""2018-08-02""]","[""관리자""]",남북물류포럼,http://www.kolofo.org/,"[""칼럼""]"
"[""[김영찬] 북한의 가격, 환율 이해하기 (칼럼 401호)""]","[""2018-02-19""]","[""관리자""]",남북물류포럼,http://www.kolofo.org/,"[""칼럼""]"
"[""[전현준] '김정은의 ‘이미제중(以美制中)’ 전략' (칼럼 제404호)""]","[""2018-03-09""]","[""관리자""]",남북물류포럼,http://www.kolofo.org/,"[""칼럼""]"
"[""[김영윤] ｢이만갑｣ 프로그램의 출연제의를 받고 (칼럼 제405호)""]","[""2018-03-18""]","[""관리자""]",남북물류포럼,http://www.kolofo.org/,"[""칼럼""]"
"[""[곽태환] 평창이후 한미연합 군사훈련 바람직하지 않다. (칼럼 제402호)""]","[""2018-02-22""]","[""관리자""]",남북물류포럼,http://www.kolofo.org/,"[""칼럼""]"
"[""[전현준] 북한, 미국의 대화제의 수용할 것인가? (칼럼 제389호)""]","[""2017-12-15""]","[""관리자""]",남북물류포럼,http://www.kolofo.org/,"[""칼럼""]"
"[""[김영윤] '새로운 남북관계를 시작하자' (칼럼 제391호)""]","[""2017-12-27""]","[""관리자""]",남북물류포럼,http://www.kolofo.org/,"[""칼럼""]"
"[""[김영윤] “북한의 평화공세 시작됐다.” (칼럼 제392호)""]","[""2018-01-01""]","[""관리자""]",남북물류포럼,http://www.kolofo.org/,"[""칼럼""]"
"[""[곽길섭] \""북미정상회담 평가와 북미관계전망: 세기적 대전환의 서막\"" (칼럼 제417호)""]","[""2018-06-12""]","[""관리자""]",남북물류포럼,http://www.kolofo.org/,"[""칼럼""]"
"[""[김영희] 핵무력 완성 선포, 북한의 다음 행보는? (칼럼 제390호)""]","[""2017-12-20""]","[""관리자""]",남북물류포럼,http://www.kolofo.org/,"[""칼럼""]"
"[""[황재옥] 협상무용론․압박해결론 뒤의 진실 (칼럼 제 378호)""]","[""2017-09-11""]","[""관리자""]",남북물류포럼,http://www.kolofo.org/,"[""칼럼""]"
[],"[""2017-09-19""]",[],남북물류포럼,http://www.kolofo.org/,"[""칼럼""]"
"[""[정경화] 남북당국의 만남이 기대되는 곳에 미국도 있게 하자! (칼럼 제393호)""]","[""2018-01-02""]","[""관리자""]",남북물류포럼,http://www.kolofo.org/,"[""칼럼""]"
"[""[김영희] 김여정을 특사로 보낸 진짜 이유 (칼럼 제403호)""]","[""2018-03-05""]","[""관리자""]",남북물류포럼,http://www.kolofo.org/,"[""칼럼""]"
"[""[추원서] 북핵문제 다시 실패의 길을 걸을 것인가?(칼럼 제380호)""]","[""2017-09-26""]","[""관리자""]",남북물류포럼,http://www.kolofo.org/,"[""칼럼""]"
"[""[추원서] '북핵 돌파구 열어야 할 문대통령의 중국방문' (칼럼 제388호)""]","[""2017-12-10""]","[""관리자""]",남북물류포럼,http://www.kolofo.org/,"[""칼럼""]"
"[""[김은종] 평창, 평양 그리고 평화 (칼럼 제395호)""]","[""2018-01-08""]","[""관리자""]",남북물류포럼,http://www.kolofo.org/,"[""칼럼""]"
"[""[김영윤] \""우리의 국력은 아무것도 아닌가요?\"" (칼럼 제379호)""]","[""2017-09-19""]","[""관리자""]",남북물류포럼,http://www.kolofo.org/,"[""칼럼""]"
"[""[김영찬] \""우리가 가진 DM은 무엇일까?\"" (칼럼 제384호)""]","[""2017-11-15""]","[""관리자""]",남북물류포럼,http://www.kolofo.org/,"[""칼럼""]"
"[""[곽길섭] '평창올림픽의 성공을 위해 대북 특사 보내야 한다' (칼럼 제385호)""]","[""2017-11-25""]","[""관리자""]",남북물류포럼,http://www.kolofo.org/,"[""칼럼""]"
"[""[권은민] 어떤 독서모임에서 (칼럼 381호)""]","[""2017-10-11""]","[""관리자""]",남북물류포럼,http://www.kolofo.org/,"[""칼럼""]"
"[""[김영윤] 선택과 도전 (칼럼 제369호)""]","[""2017-07-17""]","[""관리자""]",남북물류포럼,http://www.kolofo.org/,"[""칼럼""]"
"[""[전현준] 문 대통령의 ‘베를린 구상’이 빛을 내기 위해서는...(칼럼 제368호)""]","[""2017-07-11""]","[""관리자""]",남북물류포럼,http://www.kolofo.org/,"[""칼럼""]"
"[""[오상원] “터키에서 통일을 생각하다” (칼럼 제371호)""]","[""2017-07-24""]","[""관리자""]",남북물류포럼,http://www.kolofo.org/,"[""칼럼""]"
"[""[전현준] ‘빙판위의 훈풍’ 헛되이 날려보내서는 안 된다. (칼럼 제394호)""]","[""2018-01-03""]","[""관리자""]",남북물류포럼,http://www.kolofo.org/,"[""칼럼""]"
"[""[조준희] “가슴 뛰는 일을 하는 사람들” (칼럼 제373호)""]","[""2017-08-06""]","[""관리자""]",남북물류포럼,http://www.kolofo.org/,"[""칼럼""]"
"[""[황재옥] 문재인 정부, 미․북 교량-조정자 역할해야 (칼럼 제374호)""]","[""2017-08-15""]","[""관리자""]",남북물류포럼,http://www.kolofo.org/,"[""칼럼""]"
"[""[정범구] “흔들리는 풍경들” (칼럼 제370호)""]","[""2017-07-24""]","[""관리자""]",남북물류포럼,http://www.kolofo.org/,"[""칼럼""]"
"[""[김은종] 혼돈의 시대 (칼럼 376호)""]","[""2017-08-27""]","[""관리자""]",남북물류포럼,http://www.kolofo.org/,"[""칼럼""]"
"[""[조성렬] 새 정부, 핵의 북한과 어떻게 관계개선해야 하나? (칼럼 제358호)""]","[""2017-05-08""]","[""관리자""]",남북물류포럼,http://www.kolofo.org/,"[""칼럼""]"
"[""[추원서] 새 정부, 대북제재의 국제정세 어떻게 바꿔야 하나? (칼럼 제359호)""]","[""2017-05-16""]","[""관리자""]",남북물류포럼,http://www.kolofo.org/,"[""칼럼""]"
"[""[정경화] 타국에서 드리는 남북 공동기도 (칼럼 제375호)""]","[""2017-08-22""]","[""관리자""]",남북물류포럼,http://www.kolofo.org/,"[""칼럼""]"
"[""[정경화] 가장 아름답고도 슬픈 ‘포옹’ (칼럼 제363호)""]","[""2017-06-05""]","[""관리자""]",남북물류포럼,http://www.kolofo.org/,"[""칼럼""]"
"[""[김영윤] 자율과 양심: 웁살라 단상 (칼럼 제362호)""]","[""2017-06-05""]","[""관리자""]",남북물류포럼,http://www.kolofo.org/,"[""칼럼""]"
"[""[박훤일] 영화 침북에서 본 정경분리 원칙 (칼럼 제364호)""]","[""2017-06-25""]","[""관리자""]",남북물류포럼,http://www.kolofo.org/,"[""칼럼""]"
"[""[한명섭] 남한 내 진영논리: 어떻게 극복해야 하나? (칼럼 제361호)""]","[""2017-06-01""]","[""관리자""]",남북물류포럼,http://www.kolofo.org/,"[""칼럼""]"
"[""[정경화] 한미정상회담﻿에 임하는 대통령에게 (칼럼 제365호)""]","[""2017-06-29""]","[""관리자""]",남북물류포럼,http://www.kolofo.org/,"[""칼럼""]"
"[""[추원서] 힐러리 클린턴의 대북정책과 한반도 (칼럼 제330호)""]","[""2016-10-24""]","[""관리자""]",남북물류포럼,http://www.kolofo.org/,"[""칼럼""]"
"[""[김영윤] #최순실 다음은? (칼럼 제331호)""]","[""2016-10-30""]","[""관리자""]",남북물류포럼,http://www.kolofo.org/,"[""칼럼""]"
"[""[박훤일] 최순실 게이트의 전말 (칼럼 제333호)""]","[""2016-11-18""]","[""관리자""]",남북물류포럼,http://www.kolofo.org/,"[""칼럼""]"
"[""[이종근] 새 정부, 남북경협 어떻게 추진해야 하나? (칼럼 제360호)""]","[""2017-05-24""]","[""관리자""]",남북물류포럼,http://www.kolofo.org/,"[""칼럼""]"
"[""[권은민] 전통에서 해답 찾기: 범부 김정설의 ‘접화군생’(接化群生) (칼럼 제334호)""]","[""2016-11-23""]","[""관리자""]",남북물류포럼,http://www.kolofo.org/,"[""칼럼""]"
"[""[김영윤] 북한의 경제변화, 박봉주가 답이다 (칼럼 제318호)""]","[""2016-07-24""]","[""관리자""]",남북물류포럼,http://www.kolofo.org/,"[""칼럼""]"
"[""[추원서] \""트럼프 정부의 대북정책, 파격적 해법 선보일 가능성 있다\"" (칼럼 제336호)""]","[""2016-12-13""]","[""관리자""]",남북물류포럼,http://www.kolofo.org/,"[""칼럼""]"
"[""[김영윤] 비판의 자유와 열린사회 (칼럼 제321호)""]","[""2016-08-29""]","[""관리자""]",남북물류포럼,http://www.kolofo.org/,"[""칼럼""]"
"[""[박훤일] 에스더 이야기: 결단의 순간에 필요한 것 (칼럼 제322호)""]","[""2016-09-05""]","[""관리자""]",남북물류포럼,http://www.kolofo.org/,"[""칼럼""]"
"[""[김영찬] 포츠담 단상 (칼럼 제319호)""]","[""2016-08-02""]","[""관리자""]",남북물류포럼,http://www.kolofo.org/,"[""칼럼""]"
"[""[정경화] '히잡'속의 짜릿한 반란, 변화하는 이란!(칼럼 제323호)""]","[""2016-09-12""]","[""관리자""]",남북물류포럼,http://www.kolofo.org/,"[""칼럼""]"
"[""[전현준] 대북제재 5개월 평가와 전망 (칼럼 제320호)""]","[""2016-08-15""]","[""관리자""]",남북물류포럼,http://www.kolofo.org/,"[""칼럼""]"
"[""[김형준] 자원과 부동산 개발을 통한 북한 인프라 개발 (칼럼 제326호: 객원 칼럼)    ""]","[""2016-09-26""]","[""관리자""]",남북물류포럼,http://www.kolofo.org/,"[""칼럼""]"
"[""[추원서] 첫 걸음 내디딘 북핵문제 해결 여정 (칼럼 제366호)""]","[""2017-07-04""]","[""관리자""]",남북물류포럼,http://www.kolofo.org/,"[""칼럼""]"
"[""[이유진] '제7차 당대회와 북한 경제 전망' (칼럼 제309호)""]","[""2016-05-12""]","[""관리자""]",남북물류포럼,http://www.kolofo.org/,"[""칼럼""]"
"[""[정경화] '최순실과 대통령의 영혼' (칼럼 332호)""]","[""2016-10-31""]","[""관리자""]",남북물류포럼,http://www.kolofo.org/,"[""칼럼""]"
"[""[김영윤] '북한의 제7차 당 대회와 우리 정부의 몰인식' (칼럼 제310호)""]","[""2016-05-13""]","[""관리자""]",남북물류포럼,http://www.kolofo.org/,"[""칼럼""]"
"[""[곽승지] 중국의 대북제재, 한국정부의 기대에 부응할까?(칼럼 제 312호)""]","[""2016-06-11""]","[""관리자""]",남북물류포럼,http://www.kolofo.org/,"[""칼럼""]"
"[""[김영윤] 광화문 광장의 경고 (칼럼 제335호)""]","[""2016-12-05""]","[""관리자""]",남북물류포럼,http://www.kolofo.org/,"[""칼럼""]"
"[""[김영윤] 한국의 핵무장이 비현실적인 이유 (칼럼 제325호)""]","[""2016-09-23""]","[""관리자""]",남북물류포럼,http://www.kolofo.org/,"[""칼럼""]"
"[""[추원서] 브렉시트(Brexit)와 유럽의 미래 (칼럼 제316호)""]","[""2016-06-29""]","[""관리자""]",남북물류포럼,http://www.kolofo.org/,"[""칼럼""]"
"[""[권은민] 북한의 외국인 투자법제를 강의하며 (칼럼 제315호)""]","[""2016-06-27""]","[""관리자""]",남북물류포럼,http://www.kolofo.org/,"[""칼럼""]"
"[""[정경화] 북한 붕괴의 망령과 지도자의 비전 (칼럼 제314호)""]","[""2016-06-27""]","[""관리자""]",남북물류포럼,http://www.kolofo.org/,"[""칼럼""]"
"[""[김은종] '남한산성'의 교훈 (칼럼 제382호)""]","[""2017-10-20""]","[""관리자""]",남북물류포럼,http://www.kolofo.org/,"[""칼럼""]"
"[""[김영찬] ﻿\""에어베를린에서 가방을 잃(었다 찾)다.\"" (칼럼 제372호)""]","[""2017-08-01""]","[""관리자""]",남북물류포럼,http://www.kolofo.org/,"[""칼럼""]"
"[""[박하] \""산토리니와 울릉도 사이\"" (칼럼 423호)""]","[""2018-07-23""]","[""관리자""]",남북물류포럼,http://www.kolofo.org/,"[""칼럼""]"
"[""[권은민] \""베트남 모델로 본 북한의 토지문제\"" (칼럼 제415호)""]","[""2018-05-29""]","[""관리자""]",남북물류포럼,http://www.kolofo.org/,"[""칼럼""]"
"[""[곽길섭] \""815광복절의 단상 : 공진(共進)\"" (426호)""]","[""2018-08-16""]","[""관리자""]",남북물류포럼,http://www.kolofo.org/,"[""칼럼""]"
"[""[김영찬] :동독지역 고속도로와 드레스덴 단상\"" (칼럼 제436호)""]","[""2018-10-30""]","[""관리자""]",남북물류포럼,http://www.kolofo.org/,"[""칼럼""]"
"[""[권은민] \""개성공단을 재개하려면\"" (칼럼 제437호)""]","[""2018-11-03""]","[""관리자""]",남북물류포럼,http://www.kolofo.org/,"[""칼럼""]"
"[""[정경화] 정상회담과 북한에 대한 믿음 (칼럼 제407호)""]","[""2018-04-02""]","[""관리자""]",남북물류포럼,http://www.kolofo.org/,"[""칼럼""]"
"[""[한명섭]  \""남한자본 차별하는 북한의 외자유치정책 유의해야\"" (칼럼 제416호)""]","[""2018-06-07""]","[""관리자""]",남북물류포럼,http://www.kolofo.org/,"[""칼럼""]"
"[""[최재덕] “19세기말 역사를 되풀이해서는 안 된다!” (칼럼 제383호)""]","[""2017-10-27""]","[""관리자""]",남북물류포럼,http://www.kolofo.org/,"[""칼럼""]"
"[""[권은민] \""북한 연구자들은 무슨 연구를 할까?\"" (칼럼 제460호)""]","[""2019-04-29""]","[""관리자""]",남북물류포럼,http://www.kolofo.org/,"[""칼럼""]"
"[""[최재선] \""부선은 무엇으로 사는가\"" (칼럼 제461호)""]","[""2019-05-15""]","[""관리자""]",남북물류포럼,http://www.kolofo.org/,"[""칼럼""]"
"[""[최재선] \""부산을 새로 만드는 일, 부산항 재생사업\"" (칼럼 제468호)""]","[""2019-07-09""]","[""관리자""]",남북물류포럼,http://www.kolofo.org/,"[""칼럼""]"
"[""[전현준] \""한반도에서의 '재앙적 결과'를 막으려면\"" (칼럼 제467호)""]","[""2019-07-05""]","[""관리자""]",남북물류포럼,http://www.kolofo.org/,"[""칼럼""]"
"[""(최재선) \""물류 격변기, 일본의 선택\"" (칼럼 제456호)""]","[""2019-03-29""]","[""관리자""]",남북물류포럼,http://www.kolofo.org/,"[""칼럼""]"
"[""[박하] \""\""다시 '그리운 금강산'과 원산의 명사십리\"" (칼럼 제 469호)""]","[""2019-07-13""]","[""관리자""]",남북물류포럼,http://www.kolofo.org/,"[""칼럼""]"
"[""[이상근] \""직격탄 맞은 반도체업체, 과연 리스크를 예상하지 못했을까?\"" (칼럼 제471호)""]","[""2019-08-08""]","[""관리자""]",남북물류포럼,http://www.kolofo.org/,"[""칼럼""]"
"[""[김영윤] \""지원은 지원답게\"" (칼럼 제 466호)""]","[""2019-06-17""]","[""관리자""]",남북물류포럼,http://www.kolofo.org/,"[""칼럼""]"
"[""[전현준] \""사면초가의 한국, 어떤 선택을 해야 할 것인가?\"" (칼럼 제472호)""]","[""2019-08-24""]","[""관리자""]",남북물류포럼,http://www.kolofo.org/,"[""칼럼""]"
"[""[정소민] \""나부터 다시 시작, Just Start Again\"" (칼럼 제470호)""]","[""2019-08-01""]","[""관리자""]",남북물류포럼,http://www.kolofo.org/,"[""칼럼""]"
"[""[김영윤] \""한반도 평화창출의 필요충분조건은?\"" (칼럼 제458호)""]","[""2019-04-19""]","[""관리자""]",남북물류포럼,http://www.kolofo.org/,"[""칼럼""]"
"[""[박하] \""평양과 서울, 비교하면 새롭게 보이는 것들\"" (칼럼 제473호)""]","[""2019-08-28""]","[""관리자""]",남북물류포럼,http://www.kolofo.org/,"[""칼럼""]"
"[""[박하] 2029년 통일 청사진, '조선 레벌류션'을 읽고\"" (칼럼 제448호)""]","[""2019-02-02""]","[""관리자""]",남북물류포럼,http://www.kolofo.org/,"[""칼럼""]"
"[""[신영욱] \""블록 딜(Block Deal)을 제시하라\"" (칼럼 제459호)""]","[""2019-04-25""]","[""관리자""]",남북물류포럼,http://www.kolofo.org/,"[""칼럼""]"
"[""[김영찬] \""유로화 20년을 보며 생각하기\"" (칼럼 제449호)""]","[""2019-02-03""]","[""관리자""]",남북물류포럼,http://www.kolofo.org/,"[""칼럼""]"
"[""[김영윤] \""전략적 무산인가? 의도된 결렬인가?\"" (칼럼 제 451호)""]","[""2019-03-02""]","[""관리자""]",남북물류포럼,http://www.kolofo.org/,"[""칼럼""]"
"[""[김영희] \""북한의 미래, 김정은의 선택\"" (칼럼 제452호)""]","[""2019-03-04""]","[""관리자""]",남북물류포럼,http://www.kolofo.org/,"[""칼럼""]"
"[""[권은민] \""북한 투자시 분쟁이 발생하면?\"" (칼럼 제447호)""]","[""2019-01-24""]","[""관리자""]",남북물류포럼,http://www.kolofo.org/,"[""칼럼""]"
"[""[김은종] \""한반도 평화를 위한 미국과 북한의 진심은?\"" (칼럼 제453호)""]","[""2019-03-12""]","[""관리자""]",남북물류포럼,http://www.kolofo.org/,"[""칼럼""]"
"[""[현두륜] \""북한 노동자의 가동연한은?\"" (칼럼 제455호)""]","[""2019-03-14""]","[""관리자""]",남북물류포럼,http://www.kolofo.org/,"[""칼럼""]"
"[""[박하] \""부산발 신의주행 열차를 타고 싶다\"" (칼럼 제446호)""]","[""2019-01-04""]","[""관리자""]",남북물류포럼,http://www.kolofo.org/,"[""칼럼""]"
"[""[김영찬] \""독일 1990년 5월, 통일의 길로 들어서다\"" (칼럼 제462호)""]","[""2019-05-18""]","[""관리자""]",남북물류포럼,http://www.kolofo.org/,"[""칼럼""]"
"[""[송애영] \""청년이여 시대의 흐름을 읽고 통일을 준비하자\"" (칼럼 제475호)""]","[""2019-09-07""]","[""관리자""]",남북물류포럼,http://www.kolofo.org/,"[""칼럼""]"
"[""[박하] \""을숙도 철새의 말\"" (칼럼 제454호)""]","[""2019-03-13""]","[""관리자""]",남북물류포럼,http://www.kolofo.org/,"[""칼럼""]"
"[""[최재선] \""북한의 단번도약, 제4차 산업혁명\"" (칼럼 제450호)""]","[""2019-02-25""]","[""관리자""]",남북물류포럼,http://www.kolofo.org/,"[""칼럼""]"
"[""[추원서] \""2019년 하반기, 북한 비핵화의 큰 장 들어설까\"" (칼럼 제464호)""]","[""2019-06-11""]","[""관리자""]",남북물류포럼,http://www.kolofo.org/,"[""칼럼""]"
"[""[김영윤] \""강사가 죄인인가?\"" (칼럼 제440호)""]","[""2018-12-02""]","[""관리자""]",남북물류포럼,http://www.kolofo.org/,"[""칼럼""]"
"[""[권은민] \""역사의 현장에서\"" (칼럼 제441호)""]","[""2018-12-06""]","[""관리자""]",남북물류포럼,http://www.kolofo.org/,"[""칼럼""]"
"[""[김은종] \""김정은 위원장, 연내 방한 어렵다\"" (칼럼 제 442호\""""]","[""2018-12-09""]","[""관리자""]",남북물류포럼,http://www.kolofo.org/,"[""칼럼""]"
"[""[전현준] \""2019년 북한 신년사의 핵심: 개성공단 및 금강산 관광을 재개해 달라\""(칼럼 제443호)""]","[""2019-01-01""]","[""관리자""]",남북물류포럼,http://www.kolofo.org/,"[""칼럼""]"
"[""[김영윤] \""한반도 비핵화를 위해 미국도 응하라\"" (칼럼 제444호)""]","[""2019-01-01""]","[""관리자""]",남북물류포럼,http://www.kolofo.org/,"[""칼럼""]"
"[""[추원서] \""2019 북한 신년사와 비인회의의 교훈\"" (칼럼 제445호)""]","[""2019-01-04""]","[""관리자""]",남북물류포럼,http://www.kolofo.org/,"[""칼럼""]"
"[""[김영윤] \""남북철도연결리 가져올 멋진 세상\"" (칼럼 427호)""]","[""2018-08-23""]","[""관리자""]",남북물류포럼,http://www.kolofo.org/,"[""칼럼""]"
"[""[전현준] \""북핵 문제의 내로남불\"" (칼럼 제429호)""]","[""2018-09-03""]","[""관리자""]",남북물류포럼,http://www.kolofo.org/,"[""칼럼""]"
"[""[박하] \""지금 왜 북녘 도시들에 주목해야 하는가?\"" (칼럼 제465호)""]","[""2019-06-13""]","[""관리자""]",남북물류포럼,http://www.kolofo.org/,"[""칼럼""]"
"[""(최재덕) \""한반도 평화의 핵심은 경제협력 (칼럼 제431호)""]","[""2018-09-18""]","[""관리자""]",남북물류포럼,http://www.kolofo.org/,"[""칼럼""]"
"[""정칠수 \""고구려 민족의 기상으로 높이 날고 싶다\"" (칼럼 제430호)""]","[""2018-09-14""]","[""관리자""]",남북물류포럼,http://www.kolofo.org/,"[""칼럼""]"
"[""[권은민] \""독일 총리에게 물었더니..\"" (칼럼 제463호)""]","[""2019-05-20""]","[""관리자""]",남북물류포럼,http://www.kolofo.org/,"[""칼럼""]"
"[""[김영희] \""김정은 시대, 달라질 남북경협\"" (칼럼 제439호)""]","[""2018-11-30""]","[""관리자""]",남북물류포럼,http://www.kolofo.org/,"[""칼럼""]"
"[""[박하] \""개방의 청신호, 들끓는 명사십리\"" (칼럼 제433호)""]","[""2018-10-04""]","[""관리자""]",남북물류포럼,http://www.kolofo.org/,"[""칼럼""]"
"[""[권은민] \""북한은 외국인투자를 원하는가?\"" (칼럼 제434호)""]","[""2018-10-09""]","[""관리자""]",남북물류포럼,http://www.kolofo.org/,"[""칼럼""]"
"[""[김영윤] \""남북관계개선이 북미관계 정상화를 견인해야\"" (칼럼 제435호)""]","[""2018-10-23""]","[""관리자""]",남북물류포럼,http://www.kolofo.org/,"[""칼럼""]"
"[""[전현준] \""북한 비핵화보다 북한 친구화가 빠른 해법이다. (칼럼 제457호)""]","[""2019-04-08""]","[""관리자""]",남북물류포럼,http://www.kolofo.org/,"[""칼럼""]"
"[""[추원서] 순애보(殉愛譜)와 미완의 꿈, 비로봉 등정!(칼럼 제 311호)""]","[""2016-05-23""]","[""관리자""]",남북물류포럼,http://www.kolofo.org/,"[""칼럼""]"
"[""[김영찬] 베를린 크리스마스 시장 테러(칼럼 제 337호)""]","[""2016-12-22""]","[""관리자""]",남북물류포럼,http://www.kolofo.org/,"[""칼럼""]"
"[""[추원서] \""종전선언으로 비핵화를 견인하라\"" (칼럼 제432호)""]","[""2018-10-01""]","[""관리자""]",남북물류포럼,http://www.kolofo.org/,"[""칼럼""]"
"[""[박훤일] 통일 후의 사유화 조치가 성공하려면""]","[""2015-02-04""]","[""관리자""]",남북물류포럼,http://www.kolofo.org/,"[""칼럼""]"
"[""[정경화]“북한의 변화가 궁금하다”""]","[""2015-04-11""]","[""관리자""]",남북물류포럼,http://www.kolofo.org/,"[""칼럼""]"
"[""[박훤일] 한반도 주변국들이 새 정부에 바라는 것""]","[""2013-02-28""]","[""관리자""]",남북물류포럼,http://www.kolofo.org/,"[""칼럼""]"
"[""[김영윤] 금강산 관광 중단의 불편한 진실""]","[""2014-09-29""]","[""관리자""]",남북물류포럼,http://www.kolofo.org/,"[""칼럼""]"
"[""[박하] \""나선경제특구, 적극 진출 도모해야\"" (칼럼 제438호)""]","[""2018-11-12""]","[""관리자""]",남북물류포럼,http://www.kolofo.org/,"[""칼럼""]"
"[""[김영윤] 이 정부가 도대체 어쩌려고(칼럼 제298호)""]","[""2016-02-13""]","[""관리자""]",남북물류포럼,http://www.kolofo.org/,"[""칼럼""]"
"[""[김영윤]북, 당면한 경제위기 돌파할 수 있나?""]","[""2010-03-29""]","[""관리자""]",남북물류포럼,http://www.kolofo.org/,"[""칼럼""]"
"[""[전현준]북한 화폐개혁 실패가 정치적 파장을 불러올 것인가?""]","[""2010-02-26""]","[""관리자""]",남북물류포럼,http://www.kolofo.org/,"[""칼럼""]"
"[""[강재홍]쇄국정책의 뿌리와 남북문제""]","[""2010-04-19""]","[""관리자""]",남북물류포럼,http://www.kolofo.org/,"[""칼럼""]"
"[""[박훤일] “한ㆍ일 관계를 다시 생각한다.” (칼럼 제347호)""]","[""2017-02-14""]","[""관리자""]",남북물류포럼,http://www.kolofo.org/,"[""칼럼""]"
"[""[박훤일]미세먼지가 걷히면 밝게 보이는 것(칼럼 제305호)""]","[""2016-04-09""]","[""관리자""]",남북물류포럼,http://www.kolofo.org/,"[""칼럼""]"
"[""[권은민] “우리가 잃은 것, 찾아야 할 것 (칼럼 제348호)""]","[""2017-02-24""]","[""관리자""]",남북물류포럼,http://www.kolofo.org/,"[""칼럼""]"
"[""[추원서] 사드배치 알 박기,  진정 국익을 위한 것일까? (칼럼 제350호)""]","[""2017-03-06""]","[""관리자""]",남북물류포럼,http://www.kolofo.org/,"[""칼럼""]"
"[""[정경화] ‘파지노인’과 정치 (칼럼 제353호)""]","[""2017-03-20""]","[""관리자""]",남북물류포럼,http://www.kolofo.org/,"[""칼럼""]"
"[""[전현준] 사드문제: 정직이 최선이다. (칼럼 제354호)""]","[""2017-03-26""]","[""관리자""]",남북물류포럼,http://www.kolofo.org/,"[""칼럼""]"
"[""[추원서] 누가 고양이 목에 방울을 달 것인가? (칼럼 제355호)""]","[""2017-04-11""]","[""관리자""]",남북물류포럼,http://www.kolofo.org/,"[""칼럼""]"
"[""[김영찬] 내가 만난 터키-실크로드 탐방을 앞두고- (칼럼 제352호)""]","[""2017-03-13""]","[""관리자""]",남북물류포럼,http://www.kolofo.org/,"[""칼럼""]"
"[""[김은종] 시작은 반이다! (칼럼 제356호)""]","[""2017-04-18""]","[""관리자""]",남북물류포럼,http://www.kolofo.org/,"[""칼럼""]"
"[""[김영윤] 그대, 대선주자에게 (칼럼 제351호)""]","[""2017-03-08""]","[""관리자""]",남북물류포럼,http://www.kolofo.org/,"[""칼럼""]"
"[""[전현준] 김정남 피살 사건이 가져올 파장 (칼럼 제349호)""]","[""2017-03-02""]","[""관리자""]",남북물류포럼,http://www.kolofo.org/,"[""칼럼""]"
"[""[전현준]김정은 후계 체제 안착 조건과 향후 시나리오""]","[""2010-10-11""]","[""관리자""]",남북물류포럼,http://www.kolofo.org/,"[""칼럼""]"
"[""[전현준] 한반도 불안정은 해소가 불가능한 것인가?""]","[""2011-07-05""]","[""관리자""]",남북물류포럼,http://www.kolofo.org/,"[""칼럼""]"
"[""[강재홍] 동변도철도와 제국의 길""]","[""2009-11-26""]","[""관리자""]",남북물류포럼,http://www.kolofo.org/,"[""칼럼""]"
"[""[지해범] 시진핑 시대와 한국 대중 외교의 과제""]","[""2012-06-13""]","[""관리자""]",남북물류포럼,http://www.kolofo.org/,"[""칼럼""]"
"[""[박하] 남북경협가이드북, 남북물류포럼이 만들자 (칼럼 제428호)""]","[""2018-08-29""]","[""관리자""]",남북물류포럼,http://www.kolofo.org/,"[""칼럼""]"
"[""[박훤일]\""금강산 협상에서 북측이 인정할 수 밖에 없는 사실\""""]","[""2011-08-09""]","[""관리자""]",남북물류포럼,http://www.kolofo.org/,"[""칼럼""]"
"[""[김영윤]박근혜당선자가 남북관계에서 국민통합을 이루려면""]","[""2013-01-04""]","[""관리자""]",남북물류포럼,http://www.kolofo.org/,"[""칼럼""]"
"[""[김영윤] 모젤강과 다리의 철학""]","[""2013-06-27""]","[""관리자""]",남북물류포럼,http://www.kolofo.org/,"[""칼럼""]"
"[""[지해범] 중국, '한반도 관리'에 들어갔다""]","[""2013-07-15""]","[""관리자""]",남북물류포럼,http://www.kolofo.org/,"[""칼럼""]"
"[""[박훤일] 자존심 센 북한사람들 상대하기""]","[""2013-07-17""]","[""관리자""]",남북물류포럼,http://www.kolofo.org/,"[""칼럼""]"
"[""[김영윤] 개성공단 실무회담: 남북 모두 잘했다""]","[""2013-07-08""]","[""관리자""]",남북물류포럼,http://www.kolofo.org/,"[""칼럼""]"
"[""[전현준] 제7차 남북실무회담의 성공을 위한 조건""]","[""2013-08-16""]","[""관리자""]",남북물류포럼,http://www.kolofo.org/,"[""칼럼""]"
"[""[김영윤] 실크로드 탐방길에서의 다짐""]","[""2013-08-06""]","[""관리자""]",남북물류포럼,http://www.kolofo.org/,"[""칼럼""]"
"[""[강재홍]몽골철도와 골드러시 III""]","[""2011-01-25""]","[""관리자""]",남북물류포럼,http://www.kolofo.org/,"[""칼럼""]"
"[""[권영태] 대북투자기업의 손해를 보상받기 위해서는......""]","[""2011-02-08""]","[""관리자""]",남북물류포럼,http://www.kolofo.org/,"[""칼럼""]"
"[""[전현준] 최고당국자가 수석대표로 인정하면..""]","[""2013-06-18""]","[""관리자""]",남북물류포럼,http://www.kolofo.org/,"[""칼럼""]"
"[""[박정원] ‘조선로동당’ 규약이 개정된 배경을 보면""]","[""2011-02-15""]","[""관리자""]",남북물류포럼,http://www.kolofo.org/,"[""칼럼""]"
"[""[김은종] 북한경제 개혁·개방을 돕는 방법""]","[""2013-07-24""]","[""관리자""]",남북물류포럼,http://www.kolofo.org/,"[""칼럼""]"
"[""[김영윤]우리 정부가 너무 인타깝다""]","[""2011-08-26""]","[""관리자""]",남북물류포럼,http://www.kolofo.org/,"[""칼럼""]"
"[""[김은종]'통일'은 아니더라도 '통'하고는 지내자.""]","[""2011-08-30""]","[""관리자""]",남북물류포럼,http://www.kolofo.org/,"[""칼럼""]"
"[""[강재홍]울란우데에서 만난 뜻은""]","[""2011-09-20""]","[""관리자""]",남북물류포럼,http://www.kolofo.org/,"[""칼럼""]"
"[""[추원서]제2의 북방진출로 동북아 대세 주도를""]","[""2011-09-14""]","[""관리자""]",남북물류포럼,http://www.kolofo.org/,"[""칼럼""]"
"[""[김영윤]  불확실한 상황의 타개는 우리 정부의 몫""]","[""2012-01-14""]","[""관리자""]",남북물류포럼,http://www.kolofo.org/,"[""칼럼""]"
"[""[전현준]남북관계 현안과 우리의 과제""]","[""2011-10-11""]","[""관리자""]",남북물류포럼,http://www.kolofo.org/,"[""칼럼""]"
"[""[김영윤]\""김진-김근식의 공소권 무효논쟁\""을 보면서""]","[""2012-02-01""]","[""관리자""]",남북물류포럼,http://www.kolofo.org/,"[""칼럼""]"
"[""[전현준] 급변하는 한반도 정세와 남북한의 선택""]","[""2011-02-28""]","[""관리자""]",남북물류포럼,http://www.kolofo.org/,"[""칼럼""]"
"[""[황진회 박사]환동해 크루즈 관광사업을 통해 남북관광을 활성화하자!""]","[""2009-07-30""]","[""관리자""]",남북물류포럼,http://www.kolofo.org/,"[""칼럼""]"
"[""[김영윤] 어부관광과 통일정책""]","[""2011-02-22""]","[""관리자""]",남북물류포럼,http://www.kolofo.org/,"[""칼럼""]"
"[""[강재홍]남북관계의 변화와 정상회담의 필요성""]","[""2012-01-14""]","[""관리자""]",남북물류포럼,http://www.kolofo.org/,"[""칼럼""]"
"[""[김영윤 회장]Bill Clinton’s Visit North Korea: Signal for Improvement the relationship between NK-U""]","[""2009-08-12""]","[""관리자""]",남북물류포럼,http://www.kolofo.org/,"[""칼럼""]"
"[""[추원서]양안관계를 보며 남북관계를 생각한다.""]","[""2012-02-15""]","[""관리자""]",남북물류포럼,http://www.kolofo.org/,"[""칼럼""]"
"[""[임재국]소통을 통한 남북경협의 불확실성을 제거해야""]","[""2009-08-31""]","[""관리자""]",남북물류포럼,http://www.kolofo.org/,"[""칼럼""]"
"[""[김영윤]비핵 아니면 말고""]","[""2009-09-04""]","[""관리자""]",남북물류포럼,http://www.kolofo.org/,"[""칼럼""]"
"[""[박훤일 교수]능유제강\""의 방식으로 북한을 대하라""]","[""2009-08-21""]","[""관리자""]",남북물류포럼,http://www.kolofo.org/,"[""칼럼""]"
"[""[김경석]신경의고속도로 건설의 의미와 중요성""]","[""2009-09-21""]","[""관리자""]",남북물류포럼,http://www.kolofo.org/,"[""칼럼""]"
"[""[강재홍]'해운대 쓰나미'와 나진항의 미래""]","[""2009-09-14""]","[""관리자""]",남북물류포럼,http://www.kolofo.org/,"[""칼럼""]"
"[""[김영봉 소장]한강하구 수역에서 제2의 한강 기적을 꿈꾸자""]","[""2009-08-07""]","[""관리자""]",남북물류포럼,http://www.kolofo.org/,"[""칼럼""]"
"[""[최준택]광명성절을 맞은 김정은에게""]","[""2012-02-23""]","[""관리자""]",남북물류포럼,http://www.kolofo.org/,"[""칼럼""]"
"[""[조재형 교수]지금 남북대화의 기회를 놓쳐서는 안 된다.""]","[""2009-08-17""]","[""관리자""]",남북물류포럼,http://www.kolofo.org/,"[""칼럼""]"
"[""[박정원] 북한의 긍정적 변화를 유도하기 위해서는""]","[""2011-03-22""]","[""관리자""]",남북물류포럼,http://www.kolofo.org/,"[""칼럼""]"
"[""[김영윤] \""이제는 훈춘이다\""""]","[""2011-03-29""]","[""관리자""]",남북물류포럼,http://www.kolofo.org/,"[""칼럼""]"
"[""[김은종] 특별칼럼-남북경협사업에 대한 평형감각이 필요하다""]","[""2011-04-06""]","[""관리자""]",남북물류포럼,http://www.kolofo.org/,"[""칼럼""]"
"[""[강재홍] 삼겹살과 김치, 그리고 소금이야기""]","[""2011-03-15""]","[""관리자""]",남북물류포럼,http://www.kolofo.org/,"[""칼럼""]"
"[""[김영윤]금강산 관광, 빨리 다시 열어야 한다.""]","[""2009-09-25""]","[""관리자""]",남북물류포럼,http://www.kolofo.org/,"[""칼럼""]"
"[""[권은민] 이란에서 보고싶은 남북의 미래 (칼럼 제324호_""]","[""2016-09-19""]","[""관리자""]",남북물류포럼,http://www.kolofo.org/,"[""칼럼""]"
"[""[김영윤] \""문대통령의 생각, 아직도 살아있는가?\"" (칼럼 제474호)""]","[""2019-09-05""]","[""관리자""]",남북물류포럼,http://www.kolofo.org/,"[""칼럼""]"
"[""[추원서] 한·중관계는 남북관계의 바로미터""]","[""2011-03-08""]","[""관리자""]",남북물류포럼,http://www.kolofo.org/,"[""칼럼""]"
"[""[박훤일] 통일을 앞당기는 북한주민들의 속마음 헤아리기_(칼럼 제313호)""]","[""2016-06-18""]","[""관리자""]",남북물류포럼,http://www.kolofo.org/,"[""칼럼""]"
"[""[박정원] 정전협정60 주년과 남북관계""]","[""2013-08-21""]","[""관리자""]",남북물류포럼,http://www.kolofo.org/,"[""칼럼""]"
"[""[추원서] 비단길에서 생각하는 한반도와 남북관계""]","[""2013-08-14""]","[""관리자""]",남북물류포럼,http://www.kolofo.org/,"[""칼럼""]"
